<?xml version="1.0" encoding="UTF-8"?>
<territory-type>
    <territory color="1136576269">
        <zone name="InfectedCity" smin="0" smax="0" dmin="0" dmax="0" x="12211.7" z="9732.79" r="150"/>
    </territory>
    <territory color="1910952871">
        <zone name="InfectedSolitude" smin="0" smax="0" dmin="0" dmax="0" x="5364.55" z="3722.73" r="160"/>
    </territory>
    <territory color="1291845632">
        <zone name="InfectedReligious" smin="0" smax="0" dmin="0" dmax="0" x="12111" z="7260" r="120"/>
    </territory>    
	<territory color="1124502272">
        <zone name="InfectedArmy" smin="0" smax="0" dmin="0" dmax="0" x="2080.67" z="3509.67" r="60"/>
    </territory>
    <territory color="1289674462">
        <zone name="InfectedArmy" smin="0" smax="0" dmin="3" dmax="10" x="12023.2" z="3503.86" r="80"/>
        <zone name="InfectedArmy" smin="0" smax="0" dmin="3" dmax="10" x="12196.4" z="3523.64" r="80"/>
        <zone name="InfectedArmy" smin="0" smax="0" dmin="2" dmax="4" x="12062" z="3592.25" r="50"/>
    </territory>
    <territory color="2809946700">
        <zone name="InfectedVillage" smin="0" smax="0" dmin="0" dmax="0" x="1907" z="3410.33" r="70"/>
    </territory>
    <territory color="1794965508">
        <zone name="InfectedPolice" smin="0" smax="0" dmin="0" dmax="0" x="3589.29" z="2453.57" r="70"/>
    </territory>
    <territory color="2387830984">
        <zone name="InfectedMedic" smin="0" smax="0" dmin="0" dmax="0" x="11924.6" z="9069.43" r="50"/>
    </territory>
    <territory color="1790009876">
        <zone name="InfectedFirefighter" smin="0" smax="0" dmin="0" dmax="0" x="12183" z="13869.4" r="50"/>
    </territory>
    <territory color="1102461653">
        <zone name="InfectedIndustrial" smin="0" smax="0" dmin="0" dmax="0" x="12075" z="14337.5" r="140"/>
    </territory>
</territory-type>
