<events>
    <event name="StaticAltar">
        <nominal>3</nominal>
        <min>3</min>
        <max>3</max>
        <lifetime>38880000</lifetime>
        <restock>0</restock>
        <saferadius>0</saferadius>
        <distanceradius>0</distanceradius>
        <cleanupradius>20</cleanupradius>
        <flags deletable="0" init_random="0" remove_damaged="1" />
        <position>fixed</position>
        <limit>child</limit>
        <active>1</active>
        <children>
            <child lootmax="0" lootmin="0" max="1" min="1" type="Land_Tower_TC4_Base" />
            <child lootmax="0" lootmin="0" max="1" min="1" type="Land_Tower_TC4_Mid" />
            <child lootmax="0" lootmin="0" max="1" min="1" type="Land_Tower_TC4_Top" />
        </children>
    </event>
    <event name="ItemBattery1">
        <nominal>2</nominal>
        <min>2</min>
        <max>2</max>
        <lifetime>3888000</lifetime>
        <restock>0</restock>
        <saferadius>0</saferadius>
        <distanceradius>0</distanceradius>
        <cleanupradius>100</cleanupradius>
        <flags deletable="0" init_random="0" remove_damaged="0" />
        <position>fixed</position>
        <limit>child</limit>
        <active>0</active>
        <children>
            <child lootmax="0" lootmin="0" max="2" min="2" type="CarBattery" />
        </children>
    </event>
    <event name="AnimalBear">
        <nominal>2</nominal>
        <min>1</min>
        <max>3</max>
        <lifetime>180</lifetime>
        <restock>0</restock>
        <saferadius>10</saferadius>
        <distanceradius>0</distanceradius>
        <cleanupradius>0</cleanupradius>
        <flags deletable="0" init_random="0" remove_damaged="1" />
        <position>fixed</position>
        <limit>custom</limit>
        <active>0</active>
        <children>
            <child lootmax="0" lootmin="0" max="1" min="1" type="Animal_UrsusArctos" />
        </children>
    </event>
    <event name="InfectedArmy">
        <nominal>25</nominal>
        <min>1</min>
        <max> 50</max>
        <lifetime>3</lifetime>
        <restock>0</restock>
        <saferadius>100</saferadius>
        <distanceradius>50</distanceradius>
        <cleanupradius>100</cleanupradius>
        <flags deletable="0" init_random="0" remove_damaged="1" />
        <position>player</position>
        <limit>custom</limit>
        <active>1</active>
        <children>
            <child lootmax="5" lootmin="0" max="0" min="60" type="ZmbM_priestPopSkinny" />
            <child lootmax="5" lootmin="0" max="0" min="15" type="ZmbM_PatrolNormal_Summer" />
        </children>
    </event>
    <event name="InfectedArmyHard">
        <nominal>50</nominal>
        <min>25</min>
        <max>250</max>
        <lifetime>3</lifetime>
        <restock>0</restock>
        <saferadius>100</saferadius>
        <distanceradius>50</distanceradius>
        <cleanupradius>100</cleanupradius>
        <flags deletable="0" init_random="0" remove_damaged="1" />
        <position>player</position>
        <limit>custom</limit>
        <active>0</active>
        <children>
            <child lootmax="5" lootmin="0" max="0" min="20" type="ZmbM_PatrolNormal_Autumn" />
            <child lootmax="5" lootmin="0" max="0" min="10" type="ZmbM_PatrolNormal_Flat" />
            <child lootmax="5" lootmin="0" max="0" min="20" type="ZmbM_PatrolNormal_PautRev" />
            <child lootmax="5" lootmin="0" max="0" min="10" type="ZmbM_PatrolNormal_Summer" />
            <child lootmax="5" lootmin="0" max="0" min="20" type="ZmbM_SoldierNormal" />
            <child lootmax="5" lootmin="0" max="0" min="5" type="ZmbM_usSoldier_Heavy_Woodland" />
            <child lootmax="5" lootmin="0" max="0" min="5" type="ZmbM_usSoldier_Officer_Desert" />
            <child lootmax="5" lootmin="0" max="0" min="5" type="ZmbM_usSoldier_normal_Desert" />
            <child lootmax="5" lootmin="0" max="0" min="5" type="ZmbM_usSoldier_normal_Woodland" />
        </children>
    </event>
    <event name="Loot">
        <nominal>0</nominal>
        <min>0</min>
        <max>0</max>
        <lifetime>0</lifetime>
        <restock>0</restock>
        <saferadius>0</saferadius>
        <distanceradius>0</distanceradius>
        <cleanupradius>50</cleanupradius>
        <flags deletable="0" init_random="0" remove_damaged="1" />
        <position>fixed</position>
        <limit>custom</limit>
        <active>1</active>
        <children />
    </event>
</events>