{
    "Objects": [
        {
            "name": "Land_Construction_Building",
            "pos": [
                12035.2001953125,
                11.74779987335205,
                3685.93994140625
            ],
            "ypr": [
                -107.99999237060547,
                0.0,
                0.0
            ],
            "scale": 1.0
        },
        {
            "name": "Land_Mil_ATC_Big",
            "pos": [
                11976.6259765625,
                21.52426528930664,
                3531.9912109375
            ],
            "ypr": [
                77.66630554199219,
                0.0,
                0.0
            ],
            "scale": 0.9999986290931702
        },
        {
            "name": "Land_Garage_Row_Big",
            "pos": [
                12255.58203125,
                9.430410385131836,
                3515.23779296875
            ],
            "ypr": [
                84.99998474121094,
                0.0,
                0.0
            ],
            "scale": 1.0
        },
        {
            "name": "Land_Mil_ControlTower",
            "pos": [
                12100.7333984375,
                13.665912628173829,
                3528.261962890625
            ],
            "ypr": [
                173.66429138183595,
                0.0,
                0.0
            ],
            "scale": 1.0
        },
        {
            "name": "Land_Mil_ControlTower",
            "pos": [
                12210.2109375,
                87.5188217163086,
                3701.654296875
            ],
            "ypr": [
                79.99998474121094,
                0.0,
                0.0
            ],
            "scale": 1.0
        },
        {
            "name": "Land_WindPowerPlant_Grey",
            "pos": [
                12043.984375,
                27.729019165039064,
                3593.669189453125
            ],
            "ypr": [
                0.0,
                0.0,
                0.0
            ],
            "scale": 1.0
        },
        {
            "name": "Land_WindPowerPlant_Grey",
            "pos": [
                12188.490234375,
                27.012208938598634,
                3526.422119140625
            ],
            "ypr": [
                0.0,
                0.0,
                0.0
            ],
            "scale": 1.0
        },
        {
            "name": "Land_WindPowerPlant_Grey",
            "pos": [
                11969.74609375,
                28.07660484313965,
                3492.09033203125
            ],
            "ypr": [
                0.0,
                0.0,
                0.0
            ],
            "scale": 1.0
        },
        {
            "name": "Land_WindPowerPlant_Grey",
            "pos": [
                12023.97265625,
                28.28696060180664,
                3531.44580078125
            ],
            "ypr": [
                0.0,
                0.0,
                0.0
            ],
            "scale": 1.0
        },
        {
            "name": "Land_Factory_Small",
            "pos": [
                12116.5771484375,
                11.996724128723145,
                3560.530517578125
            ],
            "ypr": [
                -90.2259521484375,
                -0.0,
                -0.0
            ],
            "scale": 0.999998927116394
        },
        {
            "name": "Land_Mil_GuardTower",
            "pos": [
                12147.68359375,
                9.771538734436036,
                3518.32275390625
            ],
            "ypr": [
                -6.511427879333496,
                -0.0,
                -0.0
            ],
            "scale": 1.0
        },
        {
            "name": "Land_Church4_Lightblue",
            "pos": [
                12024.728515625,
                19.71554946899414,
                3474.39794921875
            ],
            "ypr": [
                83.3878402709961,
                -0.0,
                -0.0
            ],
            "scale": 0.9999978542327881
        },
        {
            "name": "Land_WindPowerPlant_Grey",
            "pos": [
                12064.533203125,
                24.675806045532228,
                3444.999267578125
            ],
            "ypr": [
                0.0,
                0.0,
                0.0
            ],
            "scale": 1.0
        },
        {
            "name": "Land_Mil_ControlTower",
            "pos": [
                12140.4091796875,
                9.500762939453125,
                3196.026611328125
            ],
            "ypr": [
                173.66429138183595,
                0.0,
                0.0
            ],
            "scale": 1.0
        },
        {
            "name": "Land_Tisy_Barracks",
            "pos": [
                12103.7236328125,
                7.0132246017456059,
                3442.21337890625
            ],
            "ypr": [
                -167.021728515625,
                -0.0,
                -0.0
            ],
            "scale": 1.0
        }
    ]
}