<?xml version="1.0" encoding="UTF-8" standalone="yes"?>
<messages>
    <message>
        <deadline>240</deadline>
        <shutdown>1</shutdown>
        <text>Aggro PVP Full Map will restart in #tmin minutes.</text>
    </message>
	<message>
        <repeat>12</repeat>
        <text>Loot, kill, die, repeat.</text>
    </message>
    <message>
        <repeat>6</repeat>
        <text>Killfeed in discord.gg/aggropvp</text>
    </message>
    <message>
        <repeat>10</repeat>
        <text>Cars despawn on restarts to reduce lag.</text>
    </message>
    <message>
        <repeat>18</repeat>
        <text>Damage is weekends only, details in discord.</text>
    </message>
    <message>
        <repeat>20</repeat>
        <text>The best way to keep a server active, is by playing on it (CAPS matter) discord.gg/aggropvp</text>
    </message>
</messages>