<eventposdef>
    <event name="StaticAltar">
        <pos x="4349.53369" z="10229.96484" a="362.25576" />
    </event>
    <event name="ItemBattery1">
        <pos x="4639.69" z="10471.26" a="60" />
    </event>
    <event name="Loot" />
    <event name="VehicleSedan02" />
    <event name="VehicleCivilianSedan" />
    <event name="VehicleOffroadHatchback" />
    <event name="VehicleTruck01" />
    <event name="StaticHeliCrash" />
    <event name="StaticChristmasTree" />
    <event name="StaticPoliceCar" />
    <event name="ItemPlanks" />
    <event name="VehicleHatchback02" />
    <event name="VehicleV3SCargo" />
    <event name="VehicleTransitBus" />
    <event name="InfectedVillage" />
    <event name="InfectedSolitude" />
    <event name="InfectedArmy" />
    <event name="InfectedCity" />
    <event name="InfectedMedic" />
    <event name="InfectedPolice" />
    <event name="InfectedFirefighter" />
    <event name="InfectedPrisoner" />
    <event name="AnimalDeer" />
    <event name="AnimalCow" />
    <event name="AnimalSheep" />
    <event name="AnimalRoeDeer" />
    <event name="AnimalWolf" />
    <event name="AnimalWildBoar" />
</eventposdef>