{
    "version": 119,
    "GeneralData": {
        "disableBaseDamage": 0,
        "disableContainerDamage": 0,
        "disableRespawnDialog": 0
    },
    "PlayerData": {
        "disablePersonalLight": 0,
        "StaminaData": {
            "sprintStaminaModifierErc": 0.01,
            "sprintStaminaModifierCro": 0.01,
            "staminaWeightLimitThreshold": 6000.0,
            "staminaMax": 100.0,
            "staminaKgToStaminaPercentPenalty": 0.01,
            "staminaMinCap": 0.01
        },
        "ShockHandlingData": {
            "shockRefillSpeedConscious": 5.0,
            "shockRefillSpeedUnconscious": 5.0,
            "allowRefillSpeedModifier": true
        },
        "MovementData": {
            "timeToStrafeJog": 0.1,
            "rotationSpeedJog": 0.3,
            "timeToSprint": 0.45,
            "timeToStrafeSprint": 0.3,
            "rotationSpeedSprint": 0.15
        },
        "DrowningData": {
            "staminaDepletionSpeed": 10.0,
            "healthDepletionSpeed": 10.0,
            "shockDepletionSpeed": 10.0
        }
    },
    "WorldsData": {
        "lightingConfig": 0,
        "objectSpawnersArr": [
            "./custom/spawnerData.json"
        ]
    },
    "BaseBuildingData": {
        "HologramData": {
            "disableIsCollidingBBoxCheck": 1,
            "disableIsCollidingPlayerCheck": 1,
            "disableIsClippingRoofCheck": 1,
            "disableIsBaseViableCheck": 1,
            "disableIsCollidingGPlotCheck": 0,
            "disableIsCollidingAngleCheck": 1,
            "disableIsPlacementPermittedCheck": 1,
            "disableHeightPlacementCheck": 1,
            "disableIsUnderwaterCheck": 1,
            "disableIsInTerrainCheck": 1
        },
        "ConstructionData": {
            "disablePerformRoofCheck": 1,
            "disableIsCollidingCheck": 1,
            "disableDistanceCheck": 1
        }
    },
    "UIData": {
        "use3DMap": 0,
        "HitIndicationData": {
            "hitDirectionOverrideEnabled": 1,
            "hitDirectionBehaviour": 2,
            "hitDirectionStyle": 0,
            "hitDirectionIndicatorColorStr": "0xff32cd32",
            "hitDirectionMaxDuration": 0.8,
            "hitDirectionBreakPointRelative": 0.2,
            "hitDirectionScatter": 20.0,
            "hitIndicationPostProcessEnabled": 1
        },
        "MapData": {
            "ignoreMapOwnership": 1,
            "ignoreNavItemsOwnership": 1,
            "displayPlayerPosition": 1,
            "displayNavInfo": 1
        }
    }
}