<?xml version="1.0" encoding="UTF-8" standalone="yes"?>
<playerspawnpoints>
    <!--
        Spawn points settings for newly created player characters
    -->
    <fresh>
        <!-- runtime parameters used when player is spawning -->
        <spawn_params>
            <!-- used to rate point against infected -->
            <min_dist_infected>30.0</min_dist_infected>
            <max_dist_infected>70.0</max_dist_infected>
            <!-- used to rate point against other players -->
            <min_dist_player>25.0</min_dist_player>
            <max_dist_player>70.0</max_dist_player>
            <!-- used to rate point against buildings -->
            <min_dist_static>0.5</min_dist_static>
            <max_dist_static>2.0</max_dist_static>
        </spawn_params>

        <!--
            Generator parameters

            Spawn points are generated around positions given inside <generator_posbubbles> element.
            Around every position is created a rectangle with given dimensions.
            This rectangle is then sampled for spawn point candidates in form of a grid.
        -->
        <generator_params>
            <!--
                Density is sample frequency of created rectangle.

                example:                         example:
                  density 4                        density 8

                grid will look like this:        grid will look like this:

                  +-----+-----+-----+-----+        +--+--+--+--+--+--+--+--+
                  |     |     |     |     |        |  |  |  |  |  |  |  |  |
                  |     |     |     |     |        +--+--+--+--+--+--+--+--+
                  |     |     |     |     |        |  |  |  |  |  |  |  |  |
                  +-----+-----+-----+-----+        +--+--+--+--+--+--+--+--+
                  |     |     |     |     |        |  |  |  |  |  |  |  |  |
                  |     |     |     |     |        +--+--+--+--+--+--+--+--+
                  |     |     |     |     |        |  |  |  |  |  |  |  |  |
                  +-----+-----+-----+-----+        +--+--+--+--+--+--+--+--+
                  |     |     |     |     |        |  |  |  |  |  |  |  |  |
                  |     |     |     |     |        +--+--+--+--+--+--+--+--+
                  |     |     |     |     |        |  |  |  |  |  |  |  |  |
                  +-----+-----+-----+-----+        +--+--+--+--+--+--+--+--+
                  |     |     |     |     |        |  |  |  |  |  |  |  |  |
                  |     |     |     |     |        +--+--+--+--+--+--+--+--+
                  |     |     |     |     |        |  |  |  |  |  |  |  |  |
                  +-----+-----+-----+-----+        +--+--+--+--+--+--+--+--+

                Every '+' represents a spawn point candidate.
                Blank areas are space between each spawn point.
                Width of each area is exaclty width / density.
                Height of each area is exaclty height / density.
            -->
            <grid_density>30.0</grid_density>
            <!-- total width of grid in metres -->
            <grid_width>30.0</grid_width>
            <!-- total height of grid in metres -->
            <grid_height>25.0</grid_height>
            <!--  minimum distance from buildings for valid spawn point -->
            <min_dist_static>0.5</min_dist_static>
            <!--  maximum distance from buildings used to rate valid spawn point -->
            <max_dist_static>2.0</max_dist_static>
            <!-- terrain slope limits for valid spawn point -->
            <min_steepness>-45</min_steepness>
            <max_steepness>45</max_steepness>
        </generator_params>

        <!-- centers for grids of spawn points -->
        <generator_posbubbles>
				<pos x="4676.63" z="11005.00" /> <!--NWAFSmokeContainers-->
                <pos x="4764.13" z="10628.76" /> <!--NWAF BirdBox-->
                <pos x="4857.46" z="10379.87" /> <!--NWAFHangarBehind-->
                <pos x="4309.14" z="10160.15" /> <!--NWAF ATC VyborSide-->
                <pos x="4141.44" z="10577.71" /> <!--NWAF Prison-->
                <pos x="4145.81" z="11055.56" /> <!--NWAF Tents-->
                <pos x="4213.87" z="11011.32" /> <!--NWAF Tents2-->
                <pos x="5057.73" z="9827.65" /> <!--NWAF Construction Barracks-->
                <pos x="5310.99" z="9771.74" /> <!--NWAF Construction-->
                <pos x="4194.42" z="11127.50" /> <!--NWAFTents-->
				<pos x="4460.80" z="10867.92" /> <!--NWAFfuel-->
				<pos x="4843.85" z="10339.03" /> <!--NWAFmid-->
				<pos x="5280.37" z="9797.51" /> <!--NWAFconstruction-->
				<pos x="5365.92" z="9997.79" /> <!--NWAFconstruction2-->
				<pos x="4807.88" z="10351.67" /> <!--NWAFHangar-->
				<pos x="4125.40" z="10557.78" /> <!--NWAFPrison-->
				<pos x="5025.65" z="9691.54" /> <!--ConstructionBunk-->
				<pos x="4946.90" z="9952.09" /> <!--ConstructionBunk2-->
				<pos x="4857.46" z="10125.15" /> <!--Blue Bunkers-->
				<pos x="4663.99" z="10474.17" /> <!--PrisonATC-->
				<pos x="4786.49" z="10546.12" /> <!--RedSheds-->
				<pos x="4591.08" z="10702.64" /> <!--ATCBunk-->
				<pos x="4462.26" z="10825.14" /> <!--PianoFactory-->
				<pos x="4214.35" z="11010.35" /> <!--Tents3-->
				<pos x="5213.28" z="9858.76" /> <!--Construction-->
				<pos x="4838.50" z="10271.95" /> <!--TwinTowers-->
				<pos x="4663.51" z="10441.60" /> <!--ATC2-->
				<pos x="4706.28" z="10589.38" /> <!--Birdbox-->
				<pos x="4681.98" z="10305.25" /> <!--Open Area-->
				<pos x="4576.98" z="10554.87" /> <!--Titties-->
				<pos x="4940.58" z="10439.17" /> <!--Grishino Prison-->
        </generator_posbubbles>
    </fresh>
</playerspawnpoints>