{"meta":{"game":"dayzxb","timestamp":1669200231},"settings":{"mission":"dayzOffline.chernarusplus","hostname":"\u0001\u0001\u0001\u0001\u0001\u0001\u0001\u0001\u0001\u0001\u0001\u0001\u0001\u0001\u0001\u0001\u0001\u0001\u0001\u0001\u0001\u0001\u0001\u0001\u0001\u0001\u0001\u0001\u0001\u0001\u0001\u0001\u0001\u0001\u0001\u0001\u0001\u0001\u0001\u0001\u0001\u0001\u0001\u0001\u0001\u0001\u0001\u0001\u0001\u0001\u0001\u0001\u0001\u0001\u0001\u0001\u0001\u0001\u0001\u0001\u0001\u0001\u0001\u0001\u0001Aggro PVP\u00ae NWAF","serverTimeAcceleration":"12","serverNightTimeAcceleration":"4","useServerTime":"0","customServerTime":"2022\/01\/24\/08\/00","serverTimePersistent":"0","disable3rdPerson":"0","disableCrosshair":"0","nolog":"false","resetmission":"false","adminLogPlayerHitsOnly":1,"adminLogPlacement":0,"adminLogBuildActions":0,"adminLogPlayerList":1,"lightingConfig":0,"disablePersonalLight":1,"bans":"shea reigh\renemyvic\rDyvuul\rxhellaxtreex\rel fatsoo\rdrift118\rPuhsioo\ril wadey li\rfunnyassassin7\rFunnyAssassin7\rX3L9\ridk_test\ruser:balls#1000\ruser:balls1000\rballs1000\rpurpocet\rdozzyjg\rdiggy dawgy\ruser:888658996855177248\ri i l9 i i\rfair gorilla 1386\rIIIIIIII2862\rKuluc\r<@326859882814767104>\rxdrepent\rleoswayy\rGamecaveYT\rL91V\rCaitlin x5424\rSUPER25MAN\rXodiyak\rturdbazket\r\nsacr3d5917","enableMouseAndKeyboard":"1","enableWhitelist":"0","whitelist":"Souls Aggro","priority":"konohaanbu8288\r\nnautzs\r\nmillerpead\r\ndarkphoenix6270\r\ndatgaminboi29\r\nx10072018\r\nbus n cheeks\r\nmr corn chipz\r\nmlkekn0ws\r\nredrum1594\r\nkamikazikillah\r\ngr33nlizard420\r\naussieninjaking\r\nleer0yxjenklns\r\nkfc squirrel293\r\ntmokxkngxldr\r\nsouls aggro\r\nthaatotherguuy\r\nbaked connor\r\nbelshaww\r\nandrewfl04\r\njaylvee\r\nw3atbixkid\r\ndirtkn0ws\r\nyunggthirst\r\nbanana boi5613\r\nsilentninjagurl\r\ncp island\r\ndna jebuz\r\npompey us3558\r\nmarbkn0ws\r\nzulnut69\r\nxl rhubarb lx\r\nmurray vii\r\nbart simpson349\r\nel fatsoo\r\nplutonusdev\r\nrqnw\r\nblinkzdonn\r\nraccthegreat\r\nghostpilothawai\r\njoumasep03s4712\r\nU are a Bot4416\r\niwackyclips\r\nNordliche\r\nh0rse sl0ng\r\nwrex2010\r\nrotten scabs\r\nxpaulx94\r\nS051 Kurt GTL\r\nChillyTester715\r\notisfly53d\r\nrb skizza\r\ndarklord2909\r\nsword man89\r\nghostslav","disableBaseDamage":0,"disableContainerDamage":0,"disableRespawnDialog":1,"enableCfgGameplayFile":1}}