{
    "Objects": [
        {
            "name": "Land_Wreck_Mining_Excavator",
            "pos": [
                8862.94921875,
                209.25221252441407,
                2799.18603515625
            ],
            "ypr": [
                -14.251362800598145,
                0.0,
                0.0
            ],
            "scale": 0.09999942034482956
        },
        {
            "name": "Land_Wreck_C130J",
            "pos": [
                8866.55859375,
                208.88223266601563,
                2786.88037109375
            ],
            "ypr": [
                31.97289276123047,
                0.0,
                0.0
            ],
            "scale": 0.09999924153089524
        },
        {
            "name": "StaticObj_Rail_Track_25",
            "pos": [
                8854.349609375,
                208.30776977539063,
                2787.618408203125
            ],
            "ypr": [
                -90.04676055908203,
                0.0,
                0.0
            ],
            "scale": 0.09999687224626541
        },
        {
            "name": "Land_Rail_Station_Small",
            "pos": [
                8854.3896484375,
                208.5310821533203,
                2788.2607421875
            ],
            "ypr": [
                179.9779815673828,
                0.0,
                0.0
            ],
            "scale": 0.09999949485063553
        },
        {
            "name": "StaticObj_Rail_Track_25",
            "pos": [
                8852.2490234375,
                208.31027221679688,
                2787.615966796875
            ],
            "ypr": [
                -90.04676055908203,
                0.0,
                0.0
            ],
            "scale": 0.09999687224626541
        },
        {
            "name": "StaticObj_Rail_Track_25",
            "pos": [
                8859.3427734375,
                208.32801818847657,
                2787.62255859375
            ],
            "ypr": [
                -90.04678344726563,
                -0.00004999265729566105,
                0.0
            ],
            "scale": 0.09999663382768631
        },
        {
            "name": "StaticObj_Rail_Track_25",
            "pos": [
                8856.8486328125,
                208.31277465820313,
                2787.620849609375
            ],
            "ypr": [
                -90.04676055908203,
                0.0,
                0.0
            ],
            "scale": 0.09999687224626541
        },
        {
            "name": "StaticObj_Rail_LineBreak_Concrete",
            "pos": [
                8860.7177734375,
                208.46408081054688,
                2787.619140625
            ],
            "ypr": [
                -89.94629669189453,
                0.0,
                0.0
            ],
            "scale": 0.09999491274356842
        },
        {
            "name": "StaticObj_Wreck_Train_Wagon_Flat",
            "pos": [
                8857.57421875,
                208.42437744140626,
                2787.6025390625
            ],
            "ypr": [
                -89.6891860961914,
                0.0,
                -0.0
            ],
            "scale": 0.0999990776181221
        },
        {
            "name": "Land_Train_742_Red",
            "pos": [
                8852.5771484375,
                208.58859252929688,
                2787.603759765625
            ],
            "ypr": [
                89.685546875,
                0.0,
                -0.0
            ],
            "scale": 0.09999925643205643
        },
        {
            "name": "Land_Train_Wagon_Box",
            "pos": [
                8853.845703125,
                208.5332489013672,
                2787.61962890625
            ],
            "ypr": [
                -90.4053955078125,
                0.0,
                -0.0
            ],
            "scale": 0.09999928623437882
        },
        {
            "name": "StaticObj_Wreck_Train_Wagon_Tanker_Mil_DE",
            "pos": [
                8856.15234375,
                208.559814453125,
                2787.614013671875
            ],
            "ypr": [
                -90.11891174316406,
                0.0,
                -0.0
            ],
            "scale": 0.0999995693564415
        },
        {
            "name": "StaticObj_Wreck_Train_Wagon_Tanker_DE",
            "pos": [
                8855.021484375,
                208.5493621826172,
                2787.620849609375
            ],
            "ypr": [
                -89.6891860961914,
                0.0,
                -0.0
            ],
            "scale": 0.09999936819076538
        },
        {
            "name": "StaticObj_Wreck_SantasSleigh",
            "pos": [
                8857.365234375,
                208.66729736328126,
                2787.574951171875
            ],
            "ypr": [
                89.85130310058594,
                0.0,
                0.0
            ],
            "scale": 0.09999998658895493
        },
        {
            "name": "StaticObj_Wreck_SantasSleigh",
            "pos": [
                8858.013671875,
                208.6722869873047,
                2787.583740234375
            ],
            "ypr": [
                89.85130310058594,
                0.0,
                0.0
            ],
            "scale": 0.09999997913837433
        },
        {
            "name": "TestObject",
            "pos": [
                8942.2099609375,
                175.50999450683595,
                2829.06005859375
            ],
            "ypr": [
                0.0,
                0.0,
                0.0
            ],
            "scale": 0.9999932050704956
        },
        {
            "name": "ChristmasTree_Green",
            "pos": [
                8857.4599609375,
                249.802001953125,
                2795.800048828125
            ],
            "ypr": [
                146.67294311523438,
                0.0,
                0.0
            ],
            "scale": 4.99368953704834
        },
        {
            "name": "StaticObj_Platform2_Block",
            "pos": [
                8850.3759765625,
                204.97189331054688,
                2804.181396484375
            ],
            "ypr": [
                -80.64385223388672,
                0.0,
                0.0
            ],
            "scale": 0.9999977350234985
        },
        {
            "name": "StaticObj_Platform2_Block",
            "pos": [
                8860.177734375,
                204.97119140625,
                2802.574951171875
            ],
            "ypr": [
                -80.64385223388672,
                0.0,
                0.0
            ],
            "scale": 0.9999999403953552
        },
        {
            "name": "StaticObj_Platform2_Block",
            "pos": [
                8850.37890625,
                198.04153442382813,
                2804.308349609375
            ],
            "ypr": [
                -80.64385223388672,
                0.0,
                0.0
            ],
            "scale": 0.9999977350234985
        },
        {
            "name": "StaticObj_Platform2_Block",
            "pos": [
                8860.2099609375,
                198.06585693359376,
                2802.687255859375
            ],
            "ypr": [
                -80.64385223388672,
                0.0,
                0.0
            ],
            "scale": 0.9999999403953552
        },
        {
            "name": "StaticObj_Platform2_Block",
            "pos": [
                8848.7412109375,
                198.07656860351563,
                2794.354736328125
            ],
            "ypr": [
                -80.64385223388672,
                0.0,
                0.0
            ],
            "scale": 0.9999977350234985
        },
        {
            "name": "StaticObj_Platform2_Block",
            "pos": [
                8858.572265625,
                198.10089111328126,
                2792.733642578125
            ],
            "ypr": [
                -80.64385223388672,
                0.0,
                0.0
            ],
            "scale": 0.9999999403953552
        },
        {
            "name": "StaticObj_Platform2_Block",
            "pos": [
                8848.7412109375,
                191.22879028320313,
                2794.354736328125
            ],
            "ypr": [
                -80.64385223388672,
                0.0,
                0.0
            ],
            "scale": 0.9999977350234985
        },
        {
            "name": "StaticObj_Platform2_Block",
            "pos": [
                8858.572265625,
                191.25311279296876,
                2792.733642578125
            ],
            "ypr": [
                -80.64385223388672,
                0.0,
                0.0
            ],
            "scale": 0.9999999403953552
        },
        {
            "name": "StaticObj_Platform2_Block",
            "pos": [
                8847.1064453125,
                191.22879028320313,
                2784.449951171875
            ],
            "ypr": [
                -80.64385223388672,
                0.0,
                0.0
            ],
            "scale": 0.9999977350234985
        },
        {
            "name": "StaticObj_Platform2_Block",
            "pos": [
                8856.9375,
                191.25311279296876,
                2782.828857421875
            ],
            "ypr": [
                -80.64385223388672,
                0.0,
                0.0
            ],
            "scale": 0.9999999403953552
        },
        {
            "name": "StaticObj_Platform2_Block",
            "pos": [
                8847.1064453125,
                184.375732421875,
                2784.449951171875
            ],
            "ypr": [
                -80.64385223388672,
                0.0,
                0.0
            ],
            "scale": 0.9999977350234985
        },
        {
            "name": "StaticObj_Platform2_Block",
            "pos": [
                8856.9375,
                184.40005493164063,
                2782.828857421875
            ],
            "ypr": [
                -80.64385223388672,
                0.0,
                0.0
            ],
            "scale": 0.9999999403953552
        },
        {
            "name": "StaticObj_Platform2_Block",
            "pos": [
                8847.1064453125,
                177.53536987304688,
                2784.449951171875
            ],
            "ypr": [
                -80.64385223388672,
                0.0,
                0.0
            ],
            "scale": 0.9999977350234985
        },
        {
            "name": "StaticObj_Platform2_Block",
            "pos": [
                8856.9375,
                177.5596923828125,
                2782.828857421875
            ],
            "ypr": [
                -80.64385223388672,
                0.0,
                0.0
            ],
            "scale": 0.9999999403953552
        },
        {
            "name": "StaticObj_Platform2_Block",
            "pos": [
                8866.81640625,
                177.564697265625,
                2781.195556640625
            ],
            "ypr": [
                -80.64385223388672,
                0.0,
                0.0
            ],
            "scale": 0.9999999403953552
        },
        {
            "name": "StaticObj_Platform2_Block",
            "pos": [
                8870.0595703125,
                204.98870849609376,
                2800.953857421875
            ],
            "ypr": [
                -80.64385223388672,
                0.0,
                0.0
            ],
            "scale": 0.9999999403953552
        },
        {
            "name": "StaticObj_Platform2_Block",
            "pos": [
                8870.0888671875,
                198.07086181640626,
                2801.053955078125
            ],
            "ypr": [
                -80.64385223388672,
                0.0,
                0.0
            ],
            "scale": 0.9999999403953552
        },
        {
            "name": "StaticObj_Platform2_Block",
            "pos": [
                8868.451171875,
                198.10589599609376,
                2791.100341796875
            ],
            "ypr": [
                -80.64385223388672,
                0.0,
                0.0
            ],
            "scale": 0.9999999403953552
        },
        {
            "name": "StaticObj_Platform2_Block",
            "pos": [
                8868.451171875,
                191.25811767578126,
                2791.100341796875
            ],
            "ypr": [
                -80.64385223388672,
                0.0,
                0.0
            ],
            "scale": 0.9999999403953552
        },
        {
            "name": "StaticObj_Platform2_Block",
            "pos": [
                8866.81640625,
                191.3106689453125,
                2781.195556640625
            ],
            "ypr": [
                -80.64385223388672,
                0.0,
                0.0
            ],
            "scale": 0.9999999403953552
        },
        {
            "name": "StaticObj_Platform2_Block",
            "pos": [
                8866.81640625,
                184.40505981445313,
                2781.195556640625
            ],
            "ypr": [
                -80.64385223388672,
                0.0,
                0.0
            ],
            "scale": 0.9999999403953552
        },
        {
            "name": "StaticObj_Platform2_Block",
            "pos": [
                8868.451171875,
                184.40542602539063,
                2791.100341796875
            ],
            "ypr": [
                -80.64385223388672,
                0.0,
                0.0
            ],
            "scale": 0.9999999403953552
        },
        {
            "name": "StaticObj_Platform2_Block",
            "pos": [
                8868.451171875,
                177.55764770507813,
                2791.100341796875
            ],
            "ypr": [
                -80.64385223388672,
                0.0,
                0.0
            ],
            "scale": 0.9999999403953552
        },
        {
            "name": "StaticObj_Platform2_Block",
            "pos": [
                8851.9755859375,
                204.97940063476563,
                2814.003173828125
            ],
            "ypr": [
                -80.64385223388672,
                0.0,
                0.0
            ],
            "scale": 0.9999977350234985
        },
        {
            "name": "StaticObj_Platform2_Block",
            "pos": [
                8861.8095703125,
                204.97119140625,
                2812.391845703125
            ],
            "ypr": [
                -80.64385223388672,
                0.0,
                0.0
            ],
            "scale": 0.9999999403953552
        },
        {
            "name": "StaticObj_Platform2_Block",
            "pos": [
                8871.6796875,
                204.9862060546875,
                2810.787841796875
            ],
            "ypr": [
                -80.64385223388672,
                0.0,
                0.0
            ],
            "scale": 0.9999999403953552
        },
        {
            "name": "StaticObj_Platform2_Block",
            "pos": [
                8871.7060546875,
                198.04074096679688,
                2810.897705078125
            ],
            "ypr": [
                -80.64385223388672,
                0.0,
                0.0
            ],
            "scale": 0.9999999403953552
        },
        {
            "name": "StaticObj_Platform2_Block",
            "pos": [
                8870.0888671875,
                191.27044677734376,
                2801.053955078125
            ],
            "ypr": [
                -80.64385223388672,
                0.0,
                0.0
            ],
            "scale": 0.9999999403953552
        },
        {
            "name": "StaticObj_Platform2_Block",
            "pos": [
                8870.0888671875,
                184.37002563476563,
                2801.053955078125
            ],
            "ypr": [
                -80.64385223388672,
                0.0,
                0.0
            ],
            "scale": 0.9999999403953552
        },
        {
            "name": "StaticObj_Platform2_Block",
            "pos": [
                8866.81640625,
                170.7642822265625,
                2781.195556640625
            ],
            "ypr": [
                -80.64385223388672,
                0.0,
                0.0
            ],
            "scale": 0.9999999403953552
        },
        {
            "name": "StaticObj_Platform2_Block",
            "pos": [
                8856.9375,
                170.71478271484376,
                2782.828857421875
            ],
            "ypr": [
                -80.64385223388672,
                0.0,
                0.0
            ],
            "scale": 0.9999999403953552
        },
        {
            "name": "StaticObj_Platform2_Block",
            "pos": [
                8871.7060546875,
                191.17112731933595,
                2810.897705078125
            ],
            "ypr": [
                -80.64385223388672,
                0.0,
                0.0
            ],
            "scale": 0.9999999403953552
        },
        {
            "name": "StaticObj_Platform2_Block",
            "pos": [
                8848.75,
                204.96975708007813,
                2794.337646484375
            ],
            "ypr": [
                -80.64385223388672,
                0.0,
                0.0
            ],
            "scale": 0.9999977350234985
        },
        {
            "name": "StaticObj_Platform2_Block",
            "pos": [
                8858.572265625,
                204.9715576171875,
                2792.733642578125
            ],
            "ypr": [
                -80.64385223388672,
                0.0,
                0.0
            ],
            "scale": 0.9999999403953552
        },
        {
            "name": "StaticObj_Platform2_Block",
            "pos": [
                8847.1298828125,
                204.96456909179688,
                2784.493896484375
            ],
            "ypr": [
                -80.64385223388672,
                0.0,
                0.0
            ],
            "scale": 0.9999977350234985
        },
        {
            "name": "StaticObj_Platform2_Block",
            "pos": [
                8856.9580078125,
                204.96636962890626,
                2782.867919921875
            ],
            "ypr": [
                -80.64385223388672,
                0.0,
                0.0
            ],
            "scale": 0.9999999403953552
        },
        {
            "name": "StaticObj_Platform2_Block",
            "pos": [
                8847.1064453125,
                198.03662109375,
                2784.449951171875
            ],
            "ypr": [
                -80.64385223388672,
                0.0,
                0.0
            ],
            "scale": 0.9999977350234985
        },
        {
            "name": "StaticObj_Platform2_Block",
            "pos": [
                8856.9375,
                198.06094360351563,
                2782.828857421875
            ],
            "ypr": [
                -80.64385223388672,
                0.0,
                0.0
            ],
            "scale": 0.9999999403953552
        },
        {
            "name": "StaticObj_Platform2_Block",
            "pos": [
                8866.81640625,
                198.11349487304688,
                2781.195556640625
            ],
            "ypr": [
                -80.64385223388672,
                0.0,
                0.0
            ],
            "scale": 0.9999999403953552
        },
        {
            "name": "StaticObj_Platform2_Block",
            "pos": [
                8866.8251953125,
                204.9638671875,
                2781.254150390625
            ],
            "ypr": [
                -80.64385223388672,
                0.0,
                0.0
            ],
            "scale": 0.9999999403953552
        },
        {
            "name": "StaticObj_Platform2_Block",
            "pos": [
                8868.451171875,
                204.96173095703126,
                2791.100341796875
            ],
            "ypr": [
                -80.64385223388672,
                0.0,
                0.0
            ],
            "scale": 0.9999999403953552
        },
        {
            "name": "StaticObj_Platform1_Ramp",
            "pos": [
                8869.74609375,
                204.9918212890625,
                2829.06103515625
            ],
            "ypr": [
                -80.71347045898438,
                0.0,
                0.0
            ],
            "scale": 0.9999971389770508
        },
        {
            "name": "StaticObj_Wreck_SantasSleigh",
            "pos": [
                8857.900390625,
                244.16184997558595,
                2805.3798828125
            ],
            "ypr": [
                -72.16751098632813,
                0.0,
                71.0
            ],
            "scale": 3.9999446868896486
        },
        {
            "name": "SantasHat",
            "pos": [
                8866.095703125,
                219.6143035888672,
                2809.176513671875
            ],
            "ypr": [
                179.99998474121095,
                -90.0,
                -179.49996948242188
            ],
            "scale": 14.99995231628418
        },
        {
            "name": "XmasGiftRed2",
            "pos": [
                8863.4619140625,
                209.6036834716797,
                2792.548583984375
            ],
            "ypr": [
                54.35874557495117,
                0.0,
                0.0
            ],
            "scale": 2.9998886585235597
        },
        {
            "name": "XmasGiftBlue1",
            "pos": [
                8862.138671875,
                209.62362670898438,
                2795.96826171875
            ],
            "ypr": [
                -57.81887435913086,
                0.0,
                0.0
            ],
            "scale": 2.9999706745147707
        },
        {
            "name": "XmasGiftBlue2",
            "pos": [
                8855.5947265625,
                209.58383178710938,
                2799.935791015625
            ],
            "ypr": [
                156.32345581054688,
                0.0,
                0.0
            ],
            "scale": 2.9998860359191896
        },
        {
            "name": "XmasGiftRed1",
            "pos": [
                8859.876953125,
                209.97755432128907,
                2798.91650390625
            ],
            "ypr": [
                79.59329223632813,
                0.0,
                0.0
            ],
            "scale": 3.999870777130127
        },
        {
            "name": "XmasGiftRed2",
            "pos": [
                8850.19140625,
                209.5986785888672,
                2799.80615234375
            ],
            "ypr": [
                -78.56963348388672,
                0.0,
                0.0
            ],
            "scale": 2.9997124671936037
        },
        {
            "name": "XmasGiftBlue1",
            "pos": [
                8848.62109375,
                209.61862182617188,
                2796.51416015625
            ],
            "ypr": [
                169.25296020507813,
                0.0,
                0.0
            ],
            "scale": 2.9998016357421877
        },
        {
            "name": "XmasGiftBlue2",
            "pos": [
                8850.0947265625,
                209.57882690429688,
                2789.003662109375
            ],
            "ypr": [
                23.391115188598634,
                0.0,
                0.0
            ],
            "scale": 2.9997236728668215
        },
        {
            "name": "XmasGiftRed1",
            "pos": [
                8847.958984375,
                209.97254943847657,
                2792.842041015625
            ],
            "ypr": [
                -53.335296630859378,
                0.0,
                0.0
            ],
            "scale": 3.9996073246002199
        },
        {
            "name": "Land_Wreck_Mining_HaulTruck",
            "pos": [
                8853.150390625,
                208.7728729248047,
                2801.389892578125
            ],
            "ypr": [
                24.181297302246095,
                0.0,
                0.0
            ],
            "scale": 0.12499798089265824
        }
    ]
}