{
    "Objects": [
        {
            "name": "StaticObj_Platform2_Block",
            "pos": [
                11528.4267578125,
                318.56695556640627,
                11256.0615234375
            ],
            "ypr": [
                62.99997329711914,
                -0.0,
                -0.0
            ]
        },
        {
            "name": "StaticObj_Platform2_Block",
            "pos": [
                11519.4794921875,
                318.5610046386719,
                11251.5087890625
            ],
            "ypr": [
                62.99997329711914,
                -0.0,
                -0.0
            ]
        },
        {
            "name": "StaticObj_Platform2_Block",
            "pos": [
                11532.9931640625,
                318.5809631347656,
                11247.134765625
            ],
            "ypr": [
                62.99997329711914,
                -0.0,
                -0.0
            ]
        },
        {
            "name": "StaticObj_Platform2_Block",
            "pos": [
                11524.0458984375,
                318.5699157714844,
                11242.58203125
            ],
            "ypr": [
                62.99997329711914,
                -0.0,
                -0.0
            ]
        },
        {
            "name": "StaticObj_Platform2_Block",
            "pos": [
                11524.0458984375,
                311.7320556640625,
                11242.58203125
            ],
            "ypr": [
                62.99997329711914,
                -0.0,
                -0.0
            ]
        },
        {
            "name": "StaticObj_Platform2_Block",
            "pos": [
                11532.9931640625,
                311.7054748535156,
                11247.134765625
            ],
            "ypr": [
                62.99997329711914,
                -0.0,
                -0.0
            ]
        },
        {
            "name": "StaticObj_Platform2_Block",
            "pos": [
                11537.5361328125,
                318.5771789550781,
                11238.2412109375
            ],
            "ypr": [
                62.99997329711914,
                -0.0,
                -0.0
            ]
        },
        {
            "name": "StaticObj_Platform2_Block",
            "pos": [
                11528.6240234375,
                318.5786437988281,
                11233.697265625
            ],
            "ypr": [
                62.99997329711914,
                -0.0,
                -0.0
            ]
        },
        {
            "name": "StaticObj_Platform2_Block",
            "pos": [
                11528.5888671875,
                311.708251953125,
                11233.6884765625
            ],
            "ypr": [
                62.99997329711914,
                -0.0,
                -0.0
            ]
        },
        {
            "name": "StaticObj_Platform2_Block",
            "pos": [
                11537.5361328125,
                311.6816711425781,
                11238.2412109375
            ],
            "ypr": [
                62.99997329711914,
                -0.0,
                -0.0
            ]
        },
        {
            "name": "StaticObj_Wall_Railing_EndR",
            "pos": [
                11513.4658203125,
                322.1861572265625,
                11252.556640625
            ],
            "ypr": [
                152.99990844726563,
                0.0,
                -0.0
            ]
        },
        {
            "name": "StaticObj_Wall_Railing_2",
            "pos": [
                11514.525390625,
                322.1912536621094,
                11250.4609375
            ],
            "ypr": [
                -27.0,
                0.0,
                0.0
            ]
        },
        {
            "name": "StaticObj_Wall_Railing_2",
            "pos": [
                11515.60546875,
                322.1927795410156,
                11248.3388671875
            ],
            "ypr": [
                -27.0,
                0.0,
                0.0
            ]
        },
        {
            "name": "StaticObj_Wall_Railing_2",
            "pos": [
                11516.6865234375,
                322.1930847167969,
                11246.2119140625
            ],
            "ypr": [
                -27.0,
                0.0,
                0.0
            ]
        },
        {
            "name": "StaticObj_Wall_Railing_2",
            "pos": [
                11517.7666015625,
                322.1946105957031,
                11244.08984375
            ],
            "ypr": [
                -27.0,
                0.0,
                0.0
            ]
        },
        {
            "name": "StaticObj_Wall_Railing_2",
            "pos": [
                11518.845703125,
                322.195068359375,
                11241.962890625
            ],
            "ypr": [
                -27.0,
                0.0,
                0.0
            ]
        },
        {
            "name": "StaticObj_Wall_Railing_2",
            "pos": [
                11519.92578125,
                322.19659423828127,
                11239.8408203125
            ],
            "ypr": [
                -27.0,
                0.0,
                0.0
            ]
        },
        {
            "name": "StaticObj_Wall_Railing_2",
            "pos": [
                11521.0068359375,
                322.1968994140625,
                11237.7138671875
            ],
            "ypr": [
                -27.0,
                0.0,
                0.0
            ]
        },
        {
            "name": "StaticObj_Wall_Railing_2",
            "pos": [
                11522.0869140625,
                322.19842529296877,
                11235.591796875
            ],
            "ypr": [
                -27.0,
                0.0,
                0.0
            ]
        },
        {
            "name": "StaticObj_Wall_Railing_2",
            "pos": [
                11523.115234375,
                322.1947937011719,
                11233.5712890625
            ],
            "ypr": [
                -27.0,
                0.0,
                0.0
            ]
        },
        {
            "name": "StaticObj_Wall_Railing_2",
            "pos": [
                11524.1943359375,
                322.19525146484377,
                11231.4443359375
            ],
            "ypr": [
                -27.0,
                0.0,
                0.0
            ]
        },
        {
            "name": "StaticObj_Wall_Railing_2",
            "pos": [
                11525.2744140625,
                322.19677734375,
                11229.322265625
            ],
            "ypr": [
                -27.0,
                0.0,
                0.0
            ]
        },
        {
            "name": "StaticObj_Wall_Railing_EndR",
            "pos": [
                11525.8115234375,
                322.19146728515627,
                11228.2412109375
            ],
            "ypr": [
                -26.446500778198243,
                0.0,
                0.0
            ]
        },
        {
            "name": "StaticObj_Wall_Railing_EndR",
            "pos": [
                11543.5068359375,
                322.19146728515627,
                11237.103515625
            ],
            "ypr": [
                -26.446500778198243,
                0.0,
                0.0
            ]
        },
        {
            "name": "StaticObj_Wall_Railing_EndR",
            "pos": [
                11531.1611328125,
                322.1861572265625,
                11261.4189453125
            ],
            "ypr": [
                152.99990844726563,
                0.0,
                -0.0
            ]
        },
        {
            "name": "StaticObj_Wall_Railing_2",
            "pos": [
                11532.220703125,
                322.1912536621094,
                11259.3232421875
            ],
            "ypr": [
                -27.0,
                0.0,
                0.0
            ]
        },
        {
            "name": "StaticObj_Wall_Railing_2",
            "pos": [
                11533.30078125,
                322.1927795410156,
                11257.201171875
            ],
            "ypr": [
                -27.0,
                0.0,
                0.0
            ]
        },
        {
            "name": "StaticObj_Wall_Railing_2",
            "pos": [
                11534.3818359375,
                322.1930847167969,
                11255.07421875
            ],
            "ypr": [
                -27.0,
                0.0,
                0.0
            ]
        },
        {
            "name": "StaticObj_Wall_Railing_2",
            "pos": [
                11535.4619140625,
                322.1946105957031,
                11252.9521484375
            ],
            "ypr": [
                -27.0,
                0.0,
                0.0
            ]
        },
        {
            "name": "StaticObj_Wall_Railing_2",
            "pos": [
                11536.541015625,
                322.195068359375,
                11250.8251953125
            ],
            "ypr": [
                -27.0,
                0.0,
                0.0
            ]
        },
        {
            "name": "StaticObj_Wall_Railing_2",
            "pos": [
                11537.62109375,
                322.19659423828127,
                11248.703125
            ],
            "ypr": [
                -27.0,
                0.0,
                0.0
            ]
        },
        {
            "name": "StaticObj_Wall_Railing_2",
            "pos": [
                11538.7021484375,
                322.1968994140625,
                11246.576171875
            ],
            "ypr": [
                -27.0,
                0.0,
                0.0
            ]
        },
        {
            "name": "StaticObj_Wall_Railing_2",
            "pos": [
                11539.7822265625,
                322.19842529296877,
                11244.4541015625
            ],
            "ypr": [
                -27.0,
                0.0,
                0.0
            ]
        },
        {
            "name": "StaticObj_Wall_Railing_2",
            "pos": [
                11540.810546875,
                322.1947937011719,
                11242.43359375
            ],
            "ypr": [
                -27.0,
                0.0,
                0.0
            ]
        },
        {
            "name": "StaticObj_Wall_Railing_2",
            "pos": [
                11541.8896484375,
                322.19525146484377,
                11240.306640625
            ],
            "ypr": [
                -27.0,
                0.0,
                0.0
            ]
        },
        {
            "name": "StaticObj_Wall_Railing_2",
            "pos": [
                11542.9697265625,
                322.19677734375,
                11238.1845703125
            ],
            "ypr": [
                -27.0,
                0.0,
                0.0
            ]
        },
        {
            "name": "StaticObj_Platform1_Ramp",
            "pos": [
                11510.2373046875,
                318.5848388671875,
                11266.7587890625
            ],
            "ypr": [
                -116.99991607666016,
                0.0,
                -0.0
            ]
        },
        {
            "name": "StaticObj_Platform1_Ramp",
            "pos": [
                11516.966796875,
                318.5679931640625,
                11270.189453125
            ],
            "ypr": [
                -116.99991607666016,
                0.0,
                -0.0
            ]
        },
        {
            "name": "StaticObj_Platform1_Ramp",
            "pos": [
                11521.466796875,
                318.593017578125,
                11272.4423828125
            ],
            "ypr": [
                -116.99991607666016,
                0.0,
                -0.0
            ]
        },
        {
            "name": "StaticObj_Statue_General",
            "pos": [
                11530.6650390625,
                327.8507385253906,
                11240.5703125
            ],
            "ypr": [
                154.07577514648438,
                0.0,
                -0.0
            ]
        },
        {
            "name": "StaticObj_Lamp_Decorative",
            "pos": [
                11530.5107421875,
                324.4335021972656,
                11262.365234375
            ],
            "ypr": [
                62.99997329711914,
                -0.0,
                -0.0
            ]
        },
        {
            "name": "StaticObj_Lamp_Decorative",
            "pos": [
                11513.1435546875,
                324.3458251953125,
                11253.53515625
            ],
            "ypr": [
                62.99997329711914,
                -0.0,
                -0.0
            ]
        },
        {
            "name": "StaticObj_Lamp_Decorative",
            "pos": [
                11535.0341796875,
                324.3884582519531,
                11253.3740234375
            ],
            "ypr": [
                62.99997329711914,
                -0.0,
                -0.0
            ]
        },
        {
            "name": "StaticObj_Lamp_Decorative",
            "pos": [
                11517.740234375,
                324.37335205078127,
                11244.5849609375
            ],
            "ypr": [
                62.99997329711914,
                -0.0,
                -0.0
            ]
        },
        {
            "name": "StaticObj_Lamp_Decorative",
            "pos": [
                11539.525390625,
                324.3609313964844,
                11244.458984375
            ],
            "ypr": [
                62.99997329711914,
                -0.0,
                -0.0
            ]
        },
        {
            "name": "StaticObj_Lamp_Decorative",
            "pos": [
                11522.2314453125,
                324.380859375,
                11235.669921875
            ],
            "ypr": [
                62.99997329711914,
                -0.0,
                -0.0
            ]
        },
        {
            "name": "StaticObj_Lamp_Decorative",
            "pos": [
                11543.83203125,
                324.3684387207031,
                11236.044921875
            ],
            "ypr": [
                62.99997329711914,
                -0.0,
                -0.0
            ]
        },
        {
            "name": "StaticObj_Lamp_Decorative",
            "pos": [
                11526.5380859375,
                324.3658447265625,
                11227.255859375
            ],
            "ypr": [
                62.99997329711914,
                -0.0,
                -0.0
            ]
        },
        {
            "name": "StaticObj_Misc_WoodTable_Outdoor",
            "pos": [
                11531.4814453125,
                322.45318603515627,
                11254.080078125
            ],
            "ypr": [
                62.99997329711914,
                -0.0,
                -0.0
            ]
        },
        {
            "name": "StaticObj_Misc_WoodTable_Outdoor",
            "pos": [
                11527.236328125,
                322.470703125,
                11251.9033203125
            ],
            "ypr": [
                62.99997329711914,
                -0.0,
                -0.0
            ]
        },
        {
            "name": "StaticObj_Misc_WoodTable_Outdoor",
            "pos": [
                11529.1875,
                322.42816162109377,
                11258.6005859375
            ],
            "ypr": [
                62.99997329711914,
                -0.0,
                -0.0
            ]
        },
        {
            "name": "StaticObj_Misc_WoodTable_Outdoor",
            "pos": [
                11524.9423828125,
                322.4456787109375,
                11256.423828125
            ],
            "ypr": [
                62.99997329711914,
                -0.0,
                -0.0
            ]
        },
        {
            "name": "StaticObj_Misc_Bench7",
            "pos": [
                11515.765625,
                322.4873962402344,
                11249.5595703125
            ],
            "ypr": [
                -116.99945068359375,
                0.0,
                -0.0
            ]
        },
        {
            "name": "StaticObj_Misc_Bench7",
            "pos": [
                11520.611328125,
                322.5024108886719,
                11240.1201171875
            ],
            "ypr": [
                -116.99945068359375,
                0.0,
                -0.0
            ]
        },
        {
            "name": "StaticObj_Misc_Bench7",
            "pos": [
                11524.6162109375,
                322.5249328613281,
                11232.341796875
            ],
            "ypr": [
                -116.99945068359375,
                0.0,
                -0.0
            ]
        },
        {
            "name": "Wreck_SantasSleigh",
            "pos": [
                11535.5810546875,
                319.6717834472656,
                11239.9921875
            ],
            "ypr": [
                152.99996948242188,
                0.0,
                179.99996948242188
            ]
        },
        {
            "name": "Wreck_SantasSleigh",
            "pos": [
                11532.9931640625,
                320.0082702636719,
                11251.2314453125
            ],
            "ypr": [
                152.99996948242188,
                0.0,
                179.99996948242188
            ]
        },
        {
            "name": "Wreck_SantasSleigh",
            "pos": [
                11521.0263671875,
                320.2589111328125,
                11245.2333984375
            ],
            "ypr": [
                152.9999542236328,
                0.0,
                179.9999542236328
            ]
        },
        {
            "name": "EditorLootPoint",
            "pos": [
                -0.5504344701766968,
                0.9608545303344727,
                0.009835600852966309
            ],
            "ypr": [
                0.0,
                0.0,
                0.0
            ]
        },
        {
            "name": "EditorLootPoint",
            "pos": [
                -0.8959337472915649,
                0.4849435091018677,
                0.9673941135406494
            ],
            "ypr": [
                0.0,
                0.0,
                0.0
            ]
        },
        {
            "name": "EditorLootPoint",
            "pos": [
                -0.7368589043617249,
                0.47244375944137576,
                -0.9074192643165588
            ],
            "ypr": [
                0.0,
                0.0,
                0.0
            ]
        },
        {
            "name": "EditorLootPoint",
            "pos": [
                -0.056190792471170428,
                0.9448577761650086,
                0.004543213173747063
            ],
            "ypr": [
                0.0,
                0.0,
                0.0
            ]
        },
        {
            "name": "Wreck_SantasSleigh",
            "pos": [
                11534.4853515625,
                320.1339111328125,
                11246.267578125
            ],
            "ypr": [
                152.9999542236328,
                0.0,
                179.9999542236328
            ]
        },
        {
            "name": "Wreck_SantasSleigh",
            "pos": [
                11524.8828125,
                320.2017822265625,
                11241.6904296875
            ],
            "ypr": [
                152.9999542236328,
                0.0,
                179.9999542236328
            ]
        },
        {
            "name": "Wreck_SantasSleigh",
            "pos": [
                11529.8037109375,
                319.9112854003906,
                11254.3359375
            ],
            "ypr": [
                152.99993896484376,
                0.0,
                179.99993896484376
            ]
        },
        {
            "name": "Wreck_SantasSleigh",
            "pos": [
                11520.201171875,
                319.9791564941406,
                11249.7587890625
            ],
            "ypr": [
                152.99993896484376,
                0.0,
                179.99993896484376
            ]
        },
        {
            "name": "Wreck_SantasSleigh",
            "pos": [
                11487.20703125,
                340.0581359863281,
                11339.3076171875
            ],
            "ypr": [
                101.52953338623047,
                0.0,
                179.99989318847657
            ]
        },
        {
            "name": "Wreck_SantasSleigh",
            "pos": [
                11484.03515625,
                339.350830078125,
                11331.359375
            ],
            "ypr": [
                101.52953338623047,
                0.0,
                179.99989318847657
            ]
        },
        {
            "name": "Wreck_SantasSleigh",
            "pos": [
                11473.251953125,
                337.6349792480469,
                11340.8525390625
            ],
            "ypr": [
                101.52953338623047,
                0.0,
                179.99989318847657
            ]
        },
        {
            "name": "Wreck_SantasSleigh",
            "pos": [
                11480.876953125,
                339.3495178222656,
                11313.76953125
            ],
            "ypr": [
                101.52953338623047,
                0.0,
                179.99989318847657
            ]
        },
        {
            "name": "Wreck_SantasSleigh",
            "pos": [
                11475.9833984375,
                333.96051025390627,
                11296.8935546875
            ],
            "ypr": [
                101.52953338623047,
                0.0,
                179.99989318847657
            ]
        },
        {
            "name": "Wreck_SantasSleigh",
            "pos": [
                11472.2021484375,
                330.5714416503906,
                11284.0166015625
            ],
            "ypr": [
                101.52953338623047,
                0.0,
                179.99989318847657
            ]
        },
        {
            "name": "Wreck_SantasSleigh",
            "pos": [
                11480.517578125,
                329.3374938964844,
                11279.2255859375
            ],
            "ypr": [
                101.52953338623047,
                0.0,
                179.99989318847657
            ]
        },
        {
            "name": "Wreck_SantasSleigh",
            "pos": [
                11489.349609375,
                326.5611572265625,
                11273.0234375
            ],
            "ypr": [
                101.52953338623047,
                0.0,
                179.99989318847657
            ]
        },
        {
            "name": "Wreck_SantasSleigh",
            "pos": [
                11503.70703125,
                318.9050598144531,
                11261.4755859375
            ],
            "ypr": [
                101.52953338623047,
                0.0,
                179.99989318847657
            ]
        }
    ]
}