{
    "Objects": [
        {
            "name": "PileOfWoodenPlanks",
            "pos": [
                3229.89404296875,
                203.7380828857422,
                13064.390625
            ],
            "ypr": [
                -23.425785064697267,
                0.0,
                0.0
            ],
            "scale": 0.9999982118606567,
            "enableCEPersistency": 0
        },
        {
            "name": "WoodenLog",
            "pos": [
                3224.839111328125,
                204.98521423339845,
                13062.9814453125
            ],
            "ypr": [
                66.57456970214844,
                -0.0,
                -0.0
            ],
            "scale": 0.9999978542327881,
            "enableCEPersistency": 0
        },
        {
            "name": "WoodenLog",
            "pos": [
                3224.942138671875,
                204.77989196777345,
                13063.001953125
            ],
            "ypr": [
                66.57456970214844,
                -0.0,
                -0.0
            ],
            "scale": 0.9999978542327881,
            "enableCEPersistency": 0
        },
        {
            "name": "WoodenLog",
            "pos": [
                3225.057861328125,
                204.5492706298828,
                13062.9921875
            ],
            "ypr": [
                66.57456970214844,
                -0.0,
                -0.0
            ],
            "scale": 0.9999978542327881,
            "enableCEPersistency": 0
        },
        {
            "name": "WoodenLog",
            "pos": [
                3225.159423828125,
                204.34657287597657,
                13063.0126953125
            ],
            "ypr": [
                66.57456970214844,
                -0.0,
                -0.0
            ],
            "scale": 0.9999978542327881,
            "enableCEPersistency": 0
        },
        {
            "name": "MetalPlate",
            "pos": [
                3227.2607421875,
                204.42236328125,
                13063.53125
            ],
            "ypr": [
                -113.4253921508789,
                89.8559799194336,
                -89.99999237060547
            ],
            "scale": 0.9999967813491821,
            "enableCEPersistency": 0
        },
        {
            "name": "MetalPlate",
            "pos": [
                3226.495361328125,
                204.43568420410157,
                13063.400390625
            ],
            "ypr": [
                -113.42499542236328,
                -89.79728698730469,
                90.0
            ],
            "scale": 0.9999964237213135,
            "enableCEPersistency": 0
        },
        {
            "name": "PileOfWoodenPlanks",
            "pos": [
                3233.6298828125,
                203.7556915283203,
                13065.998046875
            ],
            "ypr": [
                -23.425785064697267,
                0.0,
                0.0
            ],
            "scale": 0.9999982118606567,
            "enableCEPersistency": 0
        },
        {
            "name": "WoodenLog",
            "pos": [
                3223.343994140625,
                204.9780731201172,
                13062.3505859375
            ],
            "ypr": [
                66.57456970214844,
                -0.0,
                -0.0
            ],
            "scale": 0.9999978542327881,
            "enableCEPersistency": 0
        },
        {
            "name": "WoodenLog",
            "pos": [
                3223.031982421875,
                204.71685791015626,
                13062.123046875
            ],
            "ypr": [
                66.57456970214844,
                -0.0,
                -0.0
            ],
            "scale": 0.9999978542327881,
            "enableCEPersistency": 0
        },
        {
            "name": "WoodenLog",
            "pos": [
                3223.147705078125,
                204.48623657226563,
                13062.11328125
            ],
            "ypr": [
                66.57456970214844,
                -0.0,
                -0.0
            ],
            "scale": 0.9999978542327881,
            "enableCEPersistency": 0
        },
        {
            "name": "WoodenLog",
            "pos": [
                3223.249267578125,
                204.28353881835938,
                13062.1337890625
            ],
            "ypr": [
                66.57456970214844,
                -0.0,
                -0.0
            ],
            "scale": 0.9999978542327881,
            "enableCEPersistency": 0
        },
        {
            "name": "MetalPlate",
            "pos": [
                3227.259033203125,
                204.4207000732422,
                13063.3583984375
            ],
            "ypr": [
                -113.42538452148438,
                89.79441833496094,
                -89.99998474121094
            ],
            "scale": 0.9999967217445374,
            "enableCEPersistency": 0
        },
        {
            "name": "MetalPlate",
            "pos": [
                3226.49365234375,
                204.43402099609376,
                13063.2275390625
            ],
            "ypr": [
                -113.42498779296875,
                -89.7451171875,
                90.0
            ],
            "scale": 0.9999963641166687,
            "enableCEPersistency": 0
        },
        {
            "name": "MetalPlate",
            "pos": [
                3226.71044921875,
                204.4232177734375,
                13063.1123046875
            ],
            "ypr": [
                -113.42538452148438,
                89.79441833496094,
                -89.99998474121094
            ],
            "scale": 0.9999967217445374,
            "enableCEPersistency": 0
        },
        {
            "name": "MetalPlate",
            "pos": [
                3226.708740234375,
                204.4215545654297,
                13062.939453125
            ],
            "ypr": [
                -113.42537689208985,
                89.74665832519531,
                -89.99998474121094
            ],
            "scale": 0.9999966621398926,
            "enableCEPersistency": 0
        },
        {
            "name": "NailBox",
            "pos": [
                3224.23583984375,
                204.3860321044922,
                13062.63671875
            ],
            "ypr": [
                0.0,
                -0.0,
                -0.0
            ],
            "scale": 0.9999995827674866,
            "enableCEPersistency": 0
        },
        {
            "name": "NailBox",
            "pos": [
                3224.03564453125,
                204.3860321044922,
                13062.537109375
            ],
            "ypr": [
                0.0,
                -0.0,
                -0.0
            ],
            "scale": 0.9999995231628418,
            "enableCEPersistency": 0
        },
        {
            "name": "NailBox",
            "pos": [
                3224.43603515625,
                204.3860321044922,
                13062.537109375
            ],
            "ypr": [
                0.0,
                -0.0,
                -0.0
            ],
            "scale": 0.9999994039535523,
            "enableCEPersistency": 0
        },
        {
            "name": "NailBox",
            "pos": [
                3224.3359375,
                204.3860321044922,
                13062.63671875
            ],
            "ypr": [
                0.0,
                -0.0,
                -0.0
            ],
            "scale": 0.9999993443489075,
            "enableCEPersistency": 0
        }
    ]
}