{
    "Objects": [
        {
            "name": "StaticObj_Misc_ConcretePipe",
            "pos": [
                4050.436767578125,
                363.0592041015625,
                11732.96484375
            ],
            "ypr": [
                -116.33679962158203,
                19.999996185302736,
                0.0
            ]
        },
        {
            "name": "StaticObj_Misc_ConcretePipe",
            "pos": [
                4052.795654296875,
                362.18011474609377,
                11734.1611328125
            ],
            "ypr": [
                -116.33679962158203,
                19.999996185302736,
                0.0
            ]
        },
        {
            "name": "StaticObj_Misc_ConcretePipe",
            "pos": [
                4055.29443359375,
                361.15301513671877,
                11735.388671875
            ],
            "ypr": [
                -116.33679962158203,
                19.999996185302736,
                0.0
            ]
        },
        {
            "name": "StaticObj_Mil_AircraftShelter_Door_L",
            "pos": [
                4066.328125,
                362.09161376953127,
                11724.3671875
            ],
            "ypr": [
                62.95905303955078,
                0.0,
                0.0
            ]
        },
        {
            "name": "StaticObj_Mil_AircraftShelter_Door_L",
            "pos": [
                4064.247314453125,
                362.4614562988281,
                11728.419921875
            ],
            "ypr": [
                62.95905303955078,
                0.0,
                -179.99989318847657
            ]
        },
        {
            "name": "StaticObj_Mil_AircraftShelter_Door_L",
            "pos": [
                4061.754638671875,
                362.8036193847656,
                11733.5791015625
            ],
            "ypr": [
                62.95905303955078,
                0.0,
                0.0
            ]
        },
        {
            "name": "StaticObj_Mil_AircraftShelter_Door_L",
            "pos": [
                4059.702392578125,
                363.76202392578127,
                11737.6298828125
            ],
            "ypr": [
                62.95905303955078,
                0.0,
                -159.99993896484376
            ]
        },
        {
            "name": "StaticObj_Mil_AircraftShelter_Door_R",
            "pos": [
                4065.5927734375,
                362.4001159667969,
                11726.2060546875
            ],
            "ypr": [
                62.95905303955078,
                0.0,
                0.0
            ]
        },
        {
            "name": "Land_Tisy_RadarPlatform_Top",
            "pos": [
                1160.3240966796876,
                3.2041921615600588,
                2440.798095703125
            ],
            "ypr": [
                66.48616027832031,
                -0.0,
                -0.0
            ]
        },
        {
            "name": "Land_Castle_Wall1_20",
            "pos": [
                8798.318359375,
                148.69053649902345,
                13544.3408203125
            ],
            "ypr": [
                -12.590066909790039,
                0.0,
                0.0
            ]
        },
        {
            "name": "Land_Castle_Wall1_Corner1",
            "pos": [
                8789.0166015625,
                148.57740783691407,
                13541.5576171875
            ],
            "ypr": [
                -12.590066909790039,
                0.0,
                0.0
            ]
        },
        {
            "name": "Land_Castle_Wall1_20",
            "pos": [
                8790.291015625,
                148.6904754638672,
                13531.0751953125
            ],
            "ypr": [
                -102.58990478515625,
                0.0,
                0.0
            ]
        },
        {
            "name": "Land_Castle_Wall1_20",
            "pos": [
                8794.6533203125,
                148.6905059814453,
                13510.4833984375
            ],
            "ypr": [
                -102.58990478515625,
                0.0,
                0.0
            ]
        },
        {
            "name": "Land_Castle_Wall1_20",
            "pos": [
                8815.7783203125,
                150.87208557128907,
                13463.6630859375
            ],
            "ypr": [
                167.40966796875,
                0.0,
                0.0
            ]
        },
        {
            "name": "Land_Castle_Wall1_20",
            "pos": [
                8824.6298828125,
                148.61524963378907,
                13550.36328125
            ],
            "ypr": [
                -12.5899658203125,
                0.0,
                0.0
            ]
        },
        {
            "name": "Land_Castle_Bergfrit",
            "pos": [
                8821.1630859375,
                132.4508514404297,
                13518.1640625
            ],
            "ypr": [
                77.4097900390625,
                0.9999619722366333,
                -179.99989318847657
            ]
        },
        {
            "name": "Land_Castle_Bergfrit",
            "pos": [
                8845.01171875,
                132.4088592529297,
                13522.6171875
            ],
            "ypr": [
                77.4097900390625,
                0.9999619722366333,
                179.99989318847657
            ]
        },
        {
            "name": "Land_Castle_Gate",
            "pos": [
                8836.09375,
                147.1778106689453,
                13497.7578125
            ],
            "ypr": [
                -12.590059280395508,
                0.0,
                0.0
            ]
        },
        {
            "name": "Land_Castle_Wall1_20",
            "pos": [
                8861.158203125,
                148.69044494628907,
                13516.0078125
            ],
            "ypr": [
                167.40966796875,
                0.0,
                0.0
            ]
        },
        {
            "name": "Land_Castle_Wall1_Corner1",
            "pos": [
                8871.16015625,
                148.57810974121095,
                13519.2958984375
            ],
            "ypr": [
                167.40966796875,
                0.0,
                0.0
            ]
        },
        {
            "name": "Land_Castle_Wall1_20",
            "pos": [
                8869.9287109375,
                148.6904754638672,
                13529.1572265625
            ],
            "ypr": [
                77.40933990478516,
                0.0,
                0.0
            ]
        },
        {
            "name": "Land_Castle_Bergfrit",
            "pos": [
                8845.8359375,
                146.5014190673828,
                13511.072265625
            ],
            "ypr": [
                -12.590066909790039,
                0.0,
                0.0
            ]
        },
        {
            "name": "Land_Castle_Wall1_20",
            "pos": [
                8798.5,
                148.83607482910157,
                13491.7841796875
            ],
            "ypr": [
                -102.58990478515625,
                0.0,
                0.0
            ]
        },
        {
            "name": "Land_Castle_Wall1_20",
            "pos": [
                8802.5537109375,
                149.4438018798828,
                13472.564453125
            ],
            "ypr": [
                -102.58990478515625,
                0.0,
                0.0
            ]
        },
        {
            "name": "Land_Castle_Wall1_Corner1",
            "pos": [
                8805.5712890625,
                150.4317169189453,
                13462.619140625
            ],
            "ypr": [
                -102.58990478515625,
                0.0,
                0.0
            ]
        },
        {
            "name": "Land_Castle_Wall1_20",
            "pos": [
                8822.9248046875,
                150.57911682128907,
                13475.658203125
            ],
            "ypr": [
                77.40933990478516,
                0.0,
                0.0
            ]
        },
        {
            "name": "Land_Castle_Wall1_20",
            "pos": [
                8818.576171875,
                150.57908630371095,
                13494.9892578125
            ],
            "ypr": [
                77.40933990478516,
                0.0,
                0.0
            ]
        },
        {
            "name": "Land_Castle_Bergfrit",
            "pos": [
                8822.6298828125,
                146.43565368652345,
                13507.146484375
            ],
            "ypr": [
                167.40966796875,
                0.0,
                0.0
            ]
        },
        {
            "name": "Land_Castle_Bergfrit",
            "pos": [
                8820.1181640625,
                167.1520233154297,
                13518.1044921875
            ],
            "ypr": [
                -102.58990478515625,
                -0.9999996423721314,
                0.0
            ]
        },
        {
            "name": "Land_Castle_Bergfrit",
            "pos": [
                8844.0830078125,
                167.10975646972657,
                13522.0830078125
            ],
            "ypr": [
                -102.58990478515625,
                -0.9999996423721314,
                0.0
            ]
        },
        {
            "name": "Land_Castle_Wall1_20",
            "pos": [
                8865.5771484375,
                148.69044494628907,
                13548.486328125
            ],
            "ypr": [
                77.40933990478516,
                0.0,
                0.0
            ]
        },
        {
            "name": "Land_Castle_Wall1_Corner1",
            "pos": [
                8862.642578125,
                148.5751495361328,
                13558.3701171875
            ],
            "ypr": [
                77.90936279296875,
                0.0,
                0.0
            ]
        },
        {
            "name": "Land_Castle_Wall1_20",
            "pos": [
                8852.763671875,
                148.69053649902345,
                13556.9599609375
            ],
            "ypr": [
                -12.590066909790039,
                0.0,
                0.0
            ]
        },
        {
            "name": "Land_Castle_Wall1_20",
            "pos": [
                8841.240234375,
                148.6905059814453,
                13554.4892578125
            ],
            "ypr": [
                -12.590066909790039,
                0.0,
                0.0
            ]
        },
        {
            "name": "Land_Castle_Wall1_20",
            "pos": [
                8806.4306640625,
                148.69044494628907,
                13546.162109375
            ],
            "ypr": [
                -12.590066909790039,
                0.0,
                0.0
            ]
        },
        {
            "name": "Land_Tisy_RadarPlatform_Top",
            "pos": [
                6585.830078125,
                339.0509948730469,
                9294.51953125
            ],
            "ypr": [
                102.8249740600586,
                0.0,
                0.0
            ]
        },
        {
            "name": "Land_Castle_Stairs",
            "pos": [
                6567.365234375,
                339.1708984375,
                9305.3994140625
            ],
            "ypr": [
                101.76527404785156,
                0.0,
                0.0
            ]
        },
        {
            "name": "Land_Tisy_RadarPlatform_Top",
            "pos": [
                6580.861328125,
                339.06365966796877,
                9272.9287109375
            ],
            "ypr": [
                102.8247299194336,
                -0.0,
                -0.0
            ]
        },
        {
            "name": "Land_Garage_Big",
            "pos": [
                6577.419921875,
                350.1000061035156,
                9274.5302734375
            ],
            "ypr": [
                -167.02798461914063,
                0.0,
                0.0
            ]
        },
        {
            "name": "StaticObj_Bridge_Stone_25",
            "pos": [
                5574.66943359375,
                165.3636932373047,
                12586.6396484375
            ],
            "ypr": [
                0.0,
                -0.0,
                -0.0
            ]
        },
        {
            "name": "StaticObj_Bridge_Stone_25",
            "pos": [
                5562.0576171875,
                165.33587646484376,
                12586.689453125
            ],
            "ypr": [
                0.0,
                -0.0,
                -0.0
            ]
        },
        {
            "name": "StaticObj_Bridge_Stone_25",
            "pos": [
                5549.03515625,
                165.2854461669922,
                12586.673828125
            ],
            "ypr": [
                0.0,
                -0.0,
                -0.0
            ]
        },
        {
            "name": "StaticObj_Bridge_Stone_25",
            "pos": [
                5587.55712890625,
                165.349609375,
                12586.9853515625
            ],
            "ypr": [
                0.0,
                -0.0,
                -0.0
            ]
        },
        {
            "name": "StaticObj_Bridge_Stone_25",
            "pos": [
                5600.34228515625,
                165.23597717285157,
                12587.005859375
            ],
            "ypr": [
                0.0,
                -0.0,
                -0.0
            ]
        },
        {
            "name": "StaticObj_Tisy_RadarPlatform_Mid",
            "pos": [
                5595.82763671875,
                164.1578826904297,
                12652.853515625
            ],
            "ypr": [
                -177.63372802734376,
                -0.0,
                -0.0
            ]
        },
        {
            "name": "StaticObj_Tisy_RadarPlatform_Bot",
            "pos": [
                5597.212890625,
                161.1797637939453,
                12689.78125
            ],
            "ypr": [
                -177.85435485839845,
                -0.0,
                -0.0
            ]
        },
        {
            "name": "Land_Tisy_RadarPlatform_Top",
            "pos": [
                5594.88671875,
                164.89950561523438,
                12618.837890625
            ],
            "ypr": [
                -179.20884704589845,
                -0.0,
                -0.0
            ]
        },
        {
            "name": "StaticObj_Platform2_Stairs_20",
            "pos": [
                5584.71533203125,
                171.87600708007813,
                12604.55078125
            ],
            "ypr": [
                -178.35704040527345,
                -0.0,
                -0.0
            ]
        },
        {
            "name": "StaticObj_Decal_Heli_Army",
            "pos": [
                5617.845703125,
                169.15562438964845,
                12658.7724609375
            ],
            "ypr": [
                40.41675567626953,
                -0.0,
                -0.0
            ]
        },
        {
            "name": "StaticObj_Decal_Crosswalk",
            "pos": [
                5612.31201171875,
                163.57574462890626,
                12650.724609375
            ],
            "ypr": [
                34.78276824951172,
                -0.0,
                -0.0
            ]
        },
        {
            "name": "StaticObj_Decal_Crosswalk",
            "pos": [
                5623.47021484375,
                165.5996856689453,
                12666.78125
            ],
            "ypr": [
                34.78277587890625,
                -0.0,
                -0.0
            ]
        },
        {
            "name": "StaticObj_Decal_Crosswalk",
            "pos": [
                5626.2255859375,
                165.0892791748047,
                12653.474609375
            ],
            "ypr": [
                -56.4140510559082,
                -0.0,
                -0.0
            ]
        },
        {
            "name": "StaticObj_Decal_Crosswalk",
            "pos": [
                5609.7880859375,
                164.5910186767578,
                12664.2392578125
            ],
            "ypr": [
                -56.4140510559082,
                -0.0,
                -0.0
            ]
        },
        {
            "name": "StaticObj_Bridge_Stone_25",
            "pos": [
                5536.57080078125,
                165.42764282226563,
                12586.671875
            ],
            "ypr": [
                0.0,
                -0.0,
                -0.0
            ]
        },
        {
            "name": "StaticObj_Tisy_RadarPlatform_Mid",
            "pos": [
                4344.15966796875,
                191.28982543945313,
                13194.94921875
            ],
            "ypr": [
                -177.65403747558595,
                -0.0,
                -0.0
            ]
        },
        {
            "name": "StaticObj_Tisy_RadarPlatform_Bot",
            "pos": [
                4345.53076171875,
                188.31170654296876,
                13231.87890625
            ],
            "ypr": [
                -177.8748016357422,
                -0.0,
                -0.0
            ]
        },
        {
            "name": "Land_Tisy_RadarPlatform_Top",
            "pos": [
                4343.23193359375,
                192.0314483642578,
                13160.9326171875
            ],
            "ypr": [
                -179.2292022705078,
                -0.0,
                -0.0
            ]
        },
        {
            "name": "StaticObj_Tisy_RadarPlatform_Mid",
            "pos": [
                2035.7581787109376,
                257.5133972167969,
                12059.4521484375
            ],
            "ypr": [
                -169.93704223632813,
                -0.0,
                -0.0
            ]
        },
        {
            "name": "StaticObj_Tisy_RadarPlatform_Bot",
            "pos": [
                2042.0770263671876,
                254.5352020263672,
                12095.8642578125
            ],
            "ypr": [
                -170.1574249267578,
                -0.0,
                -0.0
            ]
        },
        {
            "name": "Land_Tisy_RadarPlatform_Top",
            "pos": [
                2030.2694091796876,
                258.2549743652344,
                12025.87109375
            ],
            "ypr": [
                -171.5120086669922,
                -0.0,
                -0.0
            ]
        },
        {
            "name": "StaticObj_Platform2_Stairs_20",
            "pos": [
                4647.97119140625,
                337.78326416015627,
                8257.560546875
            ],
            "ypr": [
                -82.60701751708985,
                -0.0,
                -0.0
            ]
        },
        {
            "name": "StaticObj_Tisy_RadarPlatform_Mid",
            "pos": [
                4694.91845703125,
                330.0651550292969,
                8241.66796875
            ],
            "ypr": [
                -81.88369750976563,
                -0.0,
                -0.0
            ]
        },
        {
            "name": "StaticObj_Tisy_RadarPlatform_Bot",
            "pos": [
                4731.52001953125,
                327.0870361328125,
                8236.5869140625
            ],
            "ypr": [
                -82.10433959960938,
                -0.0,
                -0.0
            ]
        },
        {
            "name": "Land_Tisy_RadarPlatform_Top",
            "pos": [
                4661.16748046875,
                330.8067626953125,
                8246.0107421875
            ],
            "ypr": [
                -83.45879364013672,
                -0.0,
                -0.0
            ]
        },
        {
            "name": "StaticObj_Platform2_Stairs_20",
            "pos": [
                6571.6083984375,
                346.16064453125,
                9291.3896484375
            ],
            "ypr": [
                -167.02798461914063,
                0.0,
                0.0
            ]
        },
        {
            "name": "StaticObj_Platform2_Stairs_20",
            "pos": [
                6569.806640625,
                346.16064453125,
                9291.7880859375
            ],
            "ypr": [
                -167.02798461914063,
                0.0,
                0.0
            ]
        },
        {
            "name": "StaticObj_Platform2_Stairs_20",
            "pos": [
                6590.4267578125,
                346.16064453125,
                9287.3056640625
            ],
            "ypr": [
                -167.02798461914063,
                0.0,
                0.0
            ]
        },
        {
            "name": "Land_Lighthouse",
            "pos": [
                4036.4921875,
                373.4200744628906,
                11725.9130859375
            ],
            "ypr": [
                -116.3367919921875,
                -0.0,
                -0.0
            ]
        },
        {
            "name": "StaticObj_Misc_ConcretePipe",
            "pos": [
                4038.366455078125,
                367.5630187988281,
                11726.970703125
            ],
            "ypr": [
                -116.33670806884766,
                -0.0,
                -0.0
            ]
        },
        {
            "name": "StaticObj_Misc_ConcretePipe",
            "pos": [
                4057.474853515625,
                360.49627685546877,
                11736.427734375
            ],
            "ypr": [
                -116.33670806884766,
                9.999996185302735,
                0.0
            ]
        },
        {
            "name": "StaticObj_Misc_ConcretePipe",
            "pos": [
                4060.023193359375,
                360.24798583984377,
                11737.6884765625
            ],
            "ypr": [
                -116.33670806884766,
                -0.0,
                -0.0
            ]
        },
        {
            "name": "StaticObj_Misc_ConcretePipe",
            "pos": [
                4040.638916015625,
                367.09613037109377,
                11728.0146484375
            ],
            "ypr": [
                -116.33679962158203,
                19.999996185302736,
                0.0
            ]
        },
        {
            "name": "Land_Airfield_Hangar_Green",
            "pos": [
                4083.1455078125,
                365.0484924316406,
                11739.8837890625
            ],
            "ypr": [
                63.73411560058594,
                0.0,
                0.0
            ]
        },
        {
            "name": "StaticObj_Misc_ConcretePipe",
            "pos": [
                4043.137939453125,
                366.06903076171877,
                11729.2412109375
            ],
            "ypr": [
                -116.3367919921875,
                19.99879264831543,
                0.0
            ]
        },
        {
            "name": "StaticObj_Misc_ConcretePipe",
            "pos": [
                4045.500732421875,
                365.18994140625,
                11730.4384765625
            ],
            "ypr": [
                -116.33679962158203,
                19.999996185302736,
                0.0
            ]
        },
        {
            "name": "StaticObj_Misc_ConcretePipe",
            "pos": [
                4048.000244140625,
                364.162841796875,
                11731.669921875
            ],
            "ypr": [
                -116.33679962158203,
                19.999996185302736,
                0.0
            ]
        }
    ]
}