{
    "Objects": [
        {
            "name": "HuntingOptic",
            "pos": [
                10966.2177734375,
                128.59083557128907,
                14698.755859375
            ],
            "ypr": [
                -177.14952087402345,
                0.0,
                -0.0
            ],
            "scale": 0.9999997615814209,
            "enableCEPersistency": 0
        },
        {
            "name": "Land_Shed_W5",
            "pos": [
                10968.046875,
                129.187255859375,
                14698.8720703125
            ],
            "ypr": [
                -177.14952087402345,
                -0.7631194591522217,
                -1.9091517925262452
            ],
            "scale": 0.9999989867210388,
            "enableCEPersistency": 0
        },
        {
            "name": "Land_Misc_Well_Pump_Yellow",
            "pos": [
                10969.3681640625,
                128.56556701660157,
                14699.89453125
            ],
            "ypr": [
                65.8504867553711,
                0.0,
                -0.0
            ],
            "scale": 0.9999991655349731,
            "enableCEPersistency": 0
        },
        {
            "name": "Winchester70",
            "pos": [
                10966.8740234375,
                128.3839874267578,
                14700.51953125
            ],
            "ypr": [
                -177.14952087402345,
                0.0,
                -0.0
            ],
            "scale": 0.9999997615814209,
            "enableCEPersistency": 0
        },
        {
            "name": "Winchester70_Black",
            "pos": [
                10966.89453125,
                128.57420349121095,
                14700.5224609375
            ],
            "ypr": [
                -177.14952087402345,
                0.0,
                -0.0
            ],
            "scale": 0.9999997615814209,
            "enableCEPersistency": 0
        },
        {
            "name": "Winchester70_Green",
            "pos": [
                10966.875,
                128.76414489746095,
                14700.5185546875
            ],
            "ypr": [
                -177.14952087402345,
                0.0,
                -0.0
            ],
            "scale": 0.9999997615814209,
            "enableCEPersistency": 0
        },
        {
            "name": "HuntingOptic",
            "pos": [
                10966.2177734375,
                128.59083557128907,
                14698.755859375
            ],
            "ypr": [
                -177.14952087402345,
                0.0,
                -0.0
            ],
            "scale": 0.9999997615814209,
            "enableCEPersistency": 0
        },
        {
            "name": "B95",
            "pos": [
                10968.138671875,
                128.28553771972657,
                14700.466796875
            ],
            "ypr": [
                -177.14952087402345,
                0.0,
                -0.0
            ],
            "scale": 0.9999997615814209,
            "enableCEPersistency": 0
        },
        {
            "name": "B95",
            "pos": [
                10968.1123046875,
                128.5010528564453,
                14700.4501953125
            ],
            "ypr": [
                -177.14952087402345,
                0.0,
                -0.0
            ],
            "scale": 0.9999997615814209,
            "enableCEPersistency": 0
        },
        {
            "name": "B95",
            "pos": [
                10968.095703125,
                128.71766662597657,
                14700.4482421875
            ],
            "ypr": [
                -177.14952087402345,
                0.0,
                -0.0
            ],
            "scale": 0.9999997615814209,
            "enableCEPersistency": 0
        },
        {
            "name": "Ammo_40mm_ChemGas",
            "pos": [
                10966.2900390625,
                128.66639709472657,
                14699.4345703125
            ],
            "ypr": [
                -177.14952087402345,
                0.0,
                -0.0
            ],
            "scale": 0.9999997615814209,
            "enableCEPersistency": 0
        },
        {
            "name": "GhillieAtt_Woodland",
            "pos": [
                10966.21875,
                128.91751098632813,
                14699.1259765625
            ],
            "ypr": [
                93.59085845947266,
                0.0,
                -0.0
            ],
            "scale": 0.9999988675117493,
            "enableCEPersistency": 0
        },
        {
            "name": "WoodenLog",
            "pos": [
                10966.984375,
                127.8355712890625,
                14698.9501953125
            ],
            "ypr": [
                -177.14952087402345,
                0.0,
                -0.0
            ],
            "scale": 0.9999997615814209,
            "enableCEPersistency": 0
        },
        {
            "name": "WoodenLog",
            "pos": [
                10966.984375,
                127.8355712890625,
                14698.9501953125
            ],
            "ypr": [
                -177.14952087402345,
                0.0,
                -0.0
            ],
            "scale": 0.9999997615814209,
            "enableCEPersistency": 0
        },
        {
            "name": "WoodenLog",
            "pos": [
                10966.984375,
                127.8355712890625,
                14698.9501953125
            ],
            "ypr": [
                -177.14952087402345,
                0.0,
                -0.0
            ],
            "scale": 0.9999997615814209,
            "enableCEPersistency": 0
        },
        {
            "name": "WoodenLog",
            "pos": [
                10966.984375,
                127.8355712890625,
                14698.9501953125
            ],
            "ypr": [
                -177.14952087402345,
                0.0,
                -0.0
            ],
            "scale": 0.9999997615814209,
            "enableCEPersistency": 0
        },
        {
            "name": "WoodenLog",
            "pos": [
                10966.984375,
                127.8355712890625,
                14698.9501953125
            ],
            "ypr": [
                -177.14952087402345,
                0.0,
                -0.0
            ],
            "scale": 0.9999997615814209,
            "enableCEPersistency": 0
        },
        {
            "name": "WoodenLog",
            "pos": [
                10966.984375,
                127.8355712890625,
                14698.9501953125
            ],
            "ypr": [
                -177.14952087402345,
                0.0,
                -0.0
            ],
            "scale": 0.9999997615814209,
            "enableCEPersistency": 0
        },
        {
            "name": "WoodenLog",
            "pos": [
                10966.984375,
                127.8355712890625,
                14698.9501953125
            ],
            "ypr": [
                -177.14952087402345,
                0.0,
                -0.0
            ],
            "scale": 0.9999997615814209,
            "enableCEPersistency": 0
        },
        {
            "name": "WoodenLog",
            "pos": [
                10966.984375,
                127.8355712890625,
                14698.9501953125
            ],
            "ypr": [
                -177.14952087402345,
                0.0,
                -0.0
            ],
            "scale": 0.9999997615814209,
            "enableCEPersistency": 0
        },
        {
            "name": "WoodenLog",
            "pos": [
                10966.984375,
                127.8355712890625,
                14698.9501953125
            ],
            "ypr": [
                -177.14952087402345,
                0.0,
                -0.0
            ],
            "scale": 0.9999997615814209,
            "enableCEPersistency": 0
        },
        {
            "name": "WoodenLog",
            "pos": [
                10966.984375,
                127.8355712890625,
                14698.9501953125
            ],
            "ypr": [
                -177.14952087402345,
                0.0,
                -0.0
            ],
            "scale": 0.9999997615814209,
            "enableCEPersistency": 0
        },
        {
            "name": "WoodenLog",
            "pos": [
                10966.984375,
                127.8355712890625,
                14698.9501953125
            ],
            "ypr": [
                -177.14952087402345,
                0.0,
                -0.0
            ],
            "scale": 0.9999997615814209,
            "enableCEPersistency": 0
        },
        {
            "name": "WoodenLog",
            "pos": [
                10966.984375,
                127.8355712890625,
                14698.9501953125
            ],
            "ypr": [
                -177.14952087402345,
                0.0,
                -0.0
            ],
            "scale": 0.9999997615814209,
            "enableCEPersistency": 0
        },
        {
            "name": "WoodenLog",
            "pos": [
                10966.984375,
                127.8355712890625,
                14698.9501953125
            ],
            "ypr": [
                -177.14952087402345,
                0.0,
                -0.0
            ],
            "scale": 0.9999997615814209,
            "enableCEPersistency": 0
        },
        {
            "name": "WoodenLog",
            "pos": [
                10966.984375,
                127.8355712890625,
                14698.9501953125
            ],
            "ypr": [
                -177.14952087402345,
                0.0,
                -0.0
            ],
            "scale": 0.9999997615814209,
            "enableCEPersistency": 0
        },
        {
            "name": "WoodenLog",
            "pos": [
                10966.984375,
                127.8355712890625,
                14698.9501953125
            ],
            "ypr": [
                -177.14952087402345,
                0.0,
                -0.0
            ],
            "scale": 0.9999997615814209,
            "enableCEPersistency": 0
        },
        {
            "name": "WoodenLog",
            "pos": [
                10966.984375,
                127.8355712890625,
                14698.9501953125
            ],
            "ypr": [
                -177.14952087402345,
                0.0,
                -0.0
            ],
            "scale": 0.9999997615814209,
            "enableCEPersistency": 0
        },
        {
            "name": "WoodenLog",
            "pos": [
                10966.984375,
                127.8355712890625,
                14698.9501953125
            ],
            "ypr": [
                -177.14952087402345,
                0.0,
                -0.0
            ],
            "scale": 0.9999997615814209,
            "enableCEPersistency": 0
        },
        {
            "name": "WoodenLog",
            "pos": [
                10966.984375,
                127.8355712890625,
                14698.9501953125
            ],
            "ypr": [
                -177.14952087402345,
                0.0,
                -0.0
            ],
            "scale": 0.9999997615814209,
            "enableCEPersistency": 0
        },
        {
            "name": "WoodenPlank",
            "pos": [
                10969.380859375,
                127.70233154296875,
                14697.4091796875
            ],
            "ypr": [
                -177.14952087402345,
                0.0,
                -0.0
            ],
            "scale": 0.9999997615814209,
            "enableCEPersistency": 0
        },
        {
            "name": "WoodenPlank",
            "pos": [
                10969.380859375,
                127.70233154296875,
                14697.4091796875
            ],
            "ypr": [
                -177.14952087402345,
                0.0,
                -0.0
            ],
            "scale": 0.9999997615814209,
            "enableCEPersistency": 0
        },
        {
            "name": "WoodenPlank",
            "pos": [
                10969.380859375,
                127.70233154296875,
                14697.4091796875
            ],
            "ypr": [
                -177.14952087402345,
                0.0,
                -0.0
            ],
            "scale": 0.9999997615814209,
            "enableCEPersistency": 0
        },
        {
            "name": "WoodenPlank",
            "pos": [
                10969.380859375,
                127.70233154296875,
                14697.4091796875
            ],
            "ypr": [
                -177.14952087402345,
                0.0,
                -0.0
            ],
            "scale": 0.9999997615814209,
            "enableCEPersistency": 0
        },
        {
            "name": "WoodenPlank",
            "pos": [
                10969.380859375,
                127.70233154296875,
                14697.4091796875
            ],
            "ypr": [
                -177.14952087402345,
                0.0,
                -0.0
            ],
            "scale": 0.9999997615814209,
            "enableCEPersistency": 0
        },
        {
            "name": "WoodenPlank",
            "pos": [
                10969.380859375,
                127.70233154296875,
                14697.4091796875
            ],
            "ypr": [
                -177.14952087402345,
                0.0,
                -0.0
            ],
            "scale": 0.9999997615814209,
            "enableCEPersistency": 0
        },
        {
            "name": "WoodenPlank",
            "pos": [
                10969.380859375,
                127.70233154296875,
                14697.4091796875
            ],
            "ypr": [
                -177.14952087402345,
                0.0,
                -0.0
            ],
            "scale": 0.9999997615814209,
            "enableCEPersistency": 0
        },
        {
            "name": "WoodenPlank",
            "pos": [
                10969.380859375,
                127.70233154296875,
                14697.4091796875
            ],
            "ypr": [
                -177.14952087402345,
                0.0,
                -0.0
            ],
            "scale": 0.9999997615814209,
            "enableCEPersistency": 0
        },
        {
            "name": "WoodenPlank",
            "pos": [
                10969.380859375,
                127.70233154296875,
                14697.4091796875
            ],
            "ypr": [
                -177.14952087402345,
                0.0,
                -0.0
            ],
            "scale": 0.9999997615814209,
            "enableCEPersistency": 0
        },
        {
            "name": "WoodenPlank",
            "pos": [
                10969.380859375,
                127.70233154296875,
                14697.4091796875
            ],
            "ypr": [
                -177.14952087402345,
                0.0,
                -0.0
            ],
            "scale": 0.9999997615814209,
            "enableCEPersistency": 0
        },
        {
            "name": "WoodenPlank",
            "pos": [
                10969.380859375,
                127.70233154296875,
                14697.4091796875
            ],
            "ypr": [
                -177.14952087402345,
                0.0,
                -0.0
            ],
            "scale": 0.9999997615814209,
            "enableCEPersistency": 0
        },
        {
            "name": "WoodenPlank",
            "pos": [
                10969.380859375,
                127.70233154296875,
                14697.4091796875
            ],
            "ypr": [
                -177.14952087402345,
                0.0,
                -0.0
            ],
            "scale": 0.9999997615814209,
            "enableCEPersistency": 0
        },
        {
            "name": "WoodenPlank",
            "pos": [
                10969.380859375,
                127.70233154296875,
                14697.4091796875
            ],
            "ypr": [
                -177.14952087402345,
                0.0,
                -0.0
            ],
            "scale": 0.9999997615814209,
            "enableCEPersistency": 0
        },
        {
            "name": "WoodenPlank",
            "pos": [
                10969.380859375,
                127.70233154296875,
                14697.4091796875
            ],
            "ypr": [
                -177.14952087402345,
                0.0,
                -0.0
            ],
            "scale": 0.9999997615814209,
            "enableCEPersistency": 0
        },
        {
            "name": "WoodenPlank",
            "pos": [
                10969.380859375,
                127.70233154296875,
                14697.4091796875
            ],
            "ypr": [
                -177.14952087402345,
                0.0,
                -0.0
            ],
            "scale": 0.9999997615814209,
            "enableCEPersistency": 0
        },
        {
            "name": "WoodenPlank",
            "pos": [
                10969.380859375,
                127.70233154296875,
                14697.4091796875
            ],
            "ypr": [
                -177.14952087402345,
                0.0,
                -0.0
            ],
            "scale": 0.9999997615814209,
            "enableCEPersistency": 0
        },
        {
            "name": "WoodenPlank",
            "pos": [
                10969.380859375,
                127.70233154296875,
                14697.4091796875
            ],
            "ypr": [
                -177.14952087402345,
                0.0,
                -0.0
            ],
            "scale": 0.9999997615814209,
            "enableCEPersistency": 0
        },
        {
            "name": "WoodenPlank",
            "pos": [
                10969.380859375,
                127.70233154296875,
                14697.4091796875
            ],
            "ypr": [
                -177.14952087402345,
                0.0,
                -0.0
            ],
            "scale": 0.9999997615814209,
            "enableCEPersistency": 0
        },
        {
            "name": "WoodenPlank",
            "pos": [
                10969.380859375,
                127.70233154296875,
                14697.4091796875
            ],
            "ypr": [
                -177.14952087402345,
                0.0,
                -0.0
            ],
            "scale": 0.9999997615814209,
            "enableCEPersistency": 0
        },
        {
            "name": "WoodenPlank",
            "pos": [
                10969.380859375,
                127.70233154296875,
                14697.4091796875
            ],
            "ypr": [
                -177.14952087402345,
                0.0,
                -0.0
            ],
            "scale": 0.9999997615814209,
            "enableCEPersistency": 0
        },
        {
            "name": "WoodenPlank",
            "pos": [
                10969.380859375,
                127.70233154296875,
                14697.4091796875
            ],
            "ypr": [
                -177.14952087402345,
                0.0,
                -0.0
            ],
            "scale": 0.9999997615814209,
            "enableCEPersistency": 0
        },
        {
            "name": "WoodenPlank",
            "pos": [
                10969.380859375,
                127.70233154296875,
                14697.4091796875
            ],
            "ypr": [
                -177.14952087402345,
                0.0,
                -0.0
            ],
            "scale": 0.9999997615814209,
            "enableCEPersistency": 0
        },
        {
            "name": "WoodenPlank",
            "pos": [
                10969.380859375,
                127.70233154296875,
                14697.4091796875
            ],
            "ypr": [
                -177.14952087402345,
                0.0,
                -0.0
            ],
            "scale": 0.9999997615814209,
            "enableCEPersistency": 0
        },
        {
            "name": "WoodenPlank",
            "pos": [
                10969.380859375,
                127.70233154296875,
                14697.4091796875
            ],
            "ypr": [
                -177.14952087402345,
                0.0,
                -0.0
            ],
            "scale": 0.9999997615814209,
            "enableCEPersistency": 0
        },
        {
            "name": "WoodenPlank",
            "pos": [
                10969.380859375,
                127.70233154296875,
                14697.4091796875
            ],
            "ypr": [
                -177.14952087402345,
                0.0,
                -0.0
            ],
            "scale": 0.9999997615814209,
            "enableCEPersistency": 0
        },
        {
            "name": "WoodenPlank",
            "pos": [
                10969.380859375,
                127.70233154296875,
                14697.4091796875
            ],
            "ypr": [
                -177.14952087402345,
                0.0,
                -0.0
            ],
            "scale": 0.9999997615814209,
            "enableCEPersistency": 0
        },
        {
            "name": "Shovel",
            "pos": [
                10968.2578125,
                128.2344207763672,
                14697.28515625
            ],
            "ypr": [
                -177.14952087402345,
                0.0,
                -0.0
            ],
            "scale": 0.9999997615814209,
            "enableCEPersistency": 0
        },
        {
            "name": "Hatchet",
            "pos": [
                10968.0478515625,
                128.31382751464845,
                14697.2880859375
            ],
            "ypr": [
                -177.14952087402345,
                0.0,
                -0.0
            ],
            "scale": 0.9999997615814209,
            "enableCEPersistency": 0
        },
        {
            "name": "Pickaxe",
            "pos": [
                10970.0771484375,
                128.1277618408203,
                14697.8583984375
            ],
            "ypr": [
                -177.14952087402345,
                0.0,
                -0.0
            ],
            "scale": 0.9999997615814209,
            "enableCEPersistency": 0
        },
        {
            "name": "WoodAxe",
            "pos": [
                10970.0390625,
                128.1501922607422,
                14697.3505859375
            ],
            "ypr": [
                -177.14952087402345,
                0.0,
                -0.0
            ],
            "scale": 0.9999997615814209,
            "enableCEPersistency": 0
        },
        {
            "name": "Pliers",
            "pos": [
                10969.453125,
                128.4102325439453,
                14699.7685546875
            ],
            "ypr": [
                -177.14952087402345,
                0.0,
                -0.0
            ],
            "scale": 0.9999997615814209,
            "enableCEPersistency": 0
        },
        {
            "name": "Defibrillator",
            "pos": [
                10969.1650390625,
                128.3592987060547,
                14700.0126953125
            ],
            "ypr": [
                -105.14957427978516,
                -0.0,
                -0.0
            ],
            "scale": 1.0,
            "enableCEPersistency": 0
        },
        {
            "name": "StaticObj_Wall_TinCom_3",
            "pos": [
                10965.619140625,
                128.39027404785157,
                14698.9765625
            ],
            "ypr": [
                93.99640655517578,
                0.0,
                0.0
            ],
            "scale": 0.9999997615814209,
            "enableCEPersistency": 0
        },
        {
            "name": "B95",
            "pos": [
                10968.1123046875,
                128.5010528564453,
                14700.4501953125
            ],
            "ypr": [
                -177.14952087402345,
                0.0,
                -0.0
            ],
            "scale": 0.9999997615814209,
            "enableCEPersistency": 0
        },
        {
            "name": "HuntingOptic",
            "pos": [
                10966.2177734375,
                128.59083557128907,
                14698.755859375
            ],
            "ypr": [
                -177.14952087402345,
                0.0,
                -0.0
            ],
            "scale": 0.9999997615814209,
            "enableCEPersistency": 0
        },
        {
            "name": "Winchester70",
            "pos": [
                10966.8740234375,
                128.3839874267578,
                14700.51953125
            ],
            "ypr": [
                -177.14952087402345,
                0.0,
                -0.0
            ],
            "scale": 0.9999997615814209,
            "enableCEPersistency": 0
        },
        {
            "name": "Hatchet",
            "pos": [
                10968.0478515625,
                128.31382751464845,
                14697.2880859375
            ],
            "ypr": [
                -177.14952087402345,
                0.0,
                -0.0
            ],
            "scale": 0.9999997615814209,
            "enableCEPersistency": 0
        },
        {
            "name": "B95",
            "pos": [
                10968.138671875,
                128.28553771972657,
                14700.466796875
            ],
            "ypr": [
                -177.14952087402345,
                0.0,
                -0.0
            ],
            "scale": 0.9999997615814209,
            "enableCEPersistency": 0
        },
        {
            "name": "Winchester70_Black",
            "pos": [
                10966.89453125,
                128.57420349121095,
                14700.5224609375
            ],
            "ypr": [
                -177.14952087402345,
                0.0,
                -0.0
            ],
            "scale": 0.9999997615814209,
            "enableCEPersistency": 0
        },
        {
            "name": "B95",
            "pos": [
                10968.095703125,
                128.71766662597657,
                14700.4482421875
            ],
            "ypr": [
                -177.14952087402345,
                0.0,
                -0.0
            ],
            "scale": 0.9999997615814209,
            "enableCEPersistency": 0
        },
        {
            "name": "GhillieAtt_Woodland",
            "pos": [
                10966.21875,
                128.91751098632813,
                14699.1259765625
            ],
            "ypr": [
                93.59085845947266,
                0.0,
                -0.0
            ],
            "scale": 0.9999988675117493,
            "enableCEPersistency": 0
        },
        {
            "name": "Pickaxe",
            "pos": [
                10970.0771484375,
                128.1277618408203,
                14697.8583984375
            ],
            "ypr": [
                -177.14952087402345,
                0.0,
                -0.0
            ],
            "scale": 0.9999997615814209,
            "enableCEPersistency": 0
        },
        {
            "name": "Winchester70_Green",
            "pos": [
                10966.875,
                128.76414489746095,
                14700.5185546875
            ],
            "ypr": [
                -177.14952087402345,
                0.0,
                -0.0
            ],
            "scale": 0.9999997615814209,
            "enableCEPersistency": 0
        },
        {
            "name": "GhillieAtt_Woodland",
            "pos": [
                10966.21875,
                128.91751098632813,
                14699.1259765625
            ],
            "ypr": [
                93.59085845947266,
                0.0,
                -0.0
            ],
            "scale": 0.9999988675117493,
            "enableCEPersistency": 0
        },
        {
            "name": "WoodAxe",
            "pos": [
                10970.0390625,
                128.1501922607422,
                14697.3505859375
            ],
            "ypr": [
                -177.14952087402345,
                0.0,
                -0.0
            ],
            "scale": 0.9999997615814209,
            "enableCEPersistency": 0
        },
        {
            "name": "Shovel",
            "pos": [
                10968.2578125,
                128.2344207763672,
                14697.28515625
            ],
            "ypr": [
                -177.14952087402345,
                0.0,
                -0.0
            ],
            "scale": 0.9999997615814209,
            "enableCEPersistency": 0
        },
        {
            "name": "Ammo_40mm_ChemGas",
            "pos": [
                10966.2900390625,
                128.66639709472657,
                14699.4345703125
            ],
            "ypr": [
                -177.14952087402345,
                0.0,
                -0.0
            ],
            "scale": 0.9999997615814209,
            "enableCEPersistency": 0
        },
        {
            "name": "GhillieAtt_Woodland",
            "pos": [
                10966.21875,
                128.91751098632813,
                14699.1259765625
            ],
            "ypr": [
                93.59085845947266,
                0.0,
                -0.0
            ],
            "scale": 0.9999988675117493,
            "enableCEPersistency": 0
        },
        {
            "name": "GhillieAtt_Woodland",
            "pos": [
                10966.21875,
                128.91751098632813,
                14699.1259765625
            ],
            "ypr": [
                93.59085845947266,
                0.0,
                -0.0
            ],
            "scale": 0.9999988675117493,
            "enableCEPersistency": 0
        },
        {
            "name": "Pliers",
            "pos": [
                10969.453125,
                128.4102325439453,
                14699.7685546875
            ],
            "ypr": [
                -177.14952087402345,
                0.0,
                -0.0
            ],
            "scale": 0.9999997615814209,
            "enableCEPersistency": 0
        },
        {
            "name": "GhillieAtt_Woodland",
            "pos": [
                10966.21875,
                128.91751098632813,
                14699.1259765625
            ],
            "ypr": [
                93.59085845947266,
                0.0,
                -0.0
            ],
            "scale": 0.9999988675117493,
            "enableCEPersistency": 0
        },
        {
            "name": "Hatchet",
            "pos": [
                10968.0478515625,
                128.31382751464845,
                14697.2880859375
            ],
            "ypr": [
                -177.14952087402345,
                0.0,
                -0.0
            ],
            "scale": 0.9999997615814209,
            "enableCEPersistency": 0
        },
        {
            "name": "GhillieAtt_Woodland",
            "pos": [
                10966.21875,
                128.91751098632813,
                14699.1259765625
            ],
            "ypr": [
                93.59085845947266,
                0.0,
                -0.0
            ],
            "scale": 0.9999988675117493,
            "enableCEPersistency": 0
        },
        {
            "name": "Defibrillator",
            "pos": [
                10969.1650390625,
                128.3592987060547,
                14700.0126953125
            ],
            "ypr": [
                -105.14957427978516,
                -0.0,
                -0.0
            ],
            "scale": 1.0,
            "enableCEPersistency": 0
        },
        {
            "name": "Defibrillator",
            "pos": [
                10969.1650390625,
                128.3592987060547,
                14700.0126953125
            ],
            "ypr": [
                -105.14957427978516,
                -0.0,
                -0.0
            ],
            "scale": 1.0,
            "enableCEPersistency": 0
        },
        {
            "name": "Pickaxe",
            "pos": [
                10970.0771484375,
                128.1277618408203,
                14697.8583984375
            ],
            "ypr": [
                -177.14952087402345,
                0.0,
                -0.0
            ],
            "scale": 0.9999997615814209,
            "enableCEPersistency": 0
        },
        {
            "name": "Shovel",
            "pos": [
                10968.2578125,
                128.2344207763672,
                14697.28515625
            ],
            "ypr": [
                -177.14952087402345,
                0.0,
                -0.0
            ],
            "scale": 0.9999997615814209,
            "enableCEPersistency": 0
        },
        {
            "name": "WoodAxe",
            "pos": [
                10970.0390625,
                128.1501922607422,
                14697.3505859375
            ],
            "ypr": [
                -177.14952087402345,
                0.0,
                -0.0
            ],
            "scale": 0.9999997615814209,
            "enableCEPersistency": 0
        },
        {
            "name": "Pliers",
            "pos": [
                10969.453125,
                128.4102325439453,
                14699.7685546875
            ],
            "ypr": [
                -177.14952087402345,
                0.0,
                -0.0
            ],
            "scale": 0.9999997615814209,
            "enableCEPersistency": 0
        },
        {
            "name": "Ammo_40mm_ChemGas",
            "pos": [
                10966.2900390625,
                128.66639709472657,
                14699.4345703125
            ],
            "ypr": [
                -177.14952087402345,
                0.0,
                -0.0
            ],
            "scale": 0.9999997615814209,
            "enableCEPersistency": 0
        },
        {
            "name": "Ammo_40mm_ChemGas",
            "pos": [
                10966.2900390625,
                128.66639709472657,
                14699.4345703125
            ],
            "ypr": [
                -177.14952087402345,
                0.0,
                -0.0
            ],
            "scale": 0.9999997615814209,
            "enableCEPersistency": 0
        },
        {
            "name": "Ammo_40mm_ChemGas",
            "pos": [
                10966.2900390625,
                128.66639709472657,
                14699.4345703125
            ],
            "ypr": [
                -177.14952087402345,
                0.0,
                -0.0
            ],
            "scale": 0.9999997615814209,
            "enableCEPersistency": 0
        },
        {
            "name": "Ammo_40mm_ChemGas",
            "pos": [
                10966.2900390625,
                128.66639709472657,
                14699.4345703125
            ],
            "ypr": [
                -177.14952087402345,
                0.0,
                -0.0
            ],
            "scale": 0.9999997615814209,
            "enableCEPersistency": 0
        },
        {
            "name": "HuntingOptic",
            "pos": [
                10966.2177734375,
                128.59083557128907,
                14698.755859375
            ],
            "ypr": [
                -177.14952087402345,
                0.0,
                -0.0
            ],
            "scale": 0.9999997615814209,
            "enableCEPersistency": 0
        },
        {
            "name": "HuntingOptic",
            "pos": [
                10966.2177734375,
                128.59083557128907,
                14698.755859375
            ],
            "ypr": [
                -177.14952087402345,
                0.0,
                -0.0
            ],
            "scale": 0.9999997615814209,
            "enableCEPersistency": 0
        },
        {
            "name": "HuntingOptic",
            "pos": [
                10966.2177734375,
                128.59083557128907,
                14698.755859375
            ],
            "ypr": [
                -177.14952087402345,
                0.0,
                -0.0
            ],
            "scale": 0.9999997615814209,
            "enableCEPersistency": 0
        },
        {
            "name": "HuntingOptic",
            "pos": [
                10966.2177734375,
                128.59083557128907,
                14698.755859375
            ],
            "ypr": [
                -177.14952087402345,
                0.0,
                -0.0
            ],
            "scale": 0.9999997615814209,
            "enableCEPersistency": 0
        },
        {
            "name": "HuntingOptic",
            "pos": [
                10966.2177734375,
                128.59083557128907,
                14698.755859375
            ],
            "ypr": [
                -177.14952087402345,
                0.0,
                -0.0
            ],
            "scale": 0.9999997615814209,
            "enableCEPersistency": 0
        },
        {
            "name": "HuntingOptic",
            "pos": [
                10966.2177734375,
                128.59083557128907,
                14698.755859375
            ],
            "ypr": [
                -177.14952087402345,
                0.0,
                -0.0
            ],
            "scale": 0.9999997615814209,
            "enableCEPersistency": 0
        },
        {
            "name": "HuntingOptic",
            "pos": [
                10966.2177734375,
                128.59083557128907,
                14698.755859375
            ],
            "ypr": [
                -177.14952087402345,
                0.0,
                -0.0
            ],
            "scale": 0.9999997615814209,
            "enableCEPersistency": 0
        },
        {
            "name": "NailBox",
            "pos": [
                10966.734375,
                127.80343627929688,
                14699.1513671875
            ],
            "ypr": [
                -96.14954376220703,
                -0.0,
                -0.0
            ],
            "scale": 0.9999992847442627,
            "enableCEPersistency": 0
        },
        {
            "name": "NailBox",
            "pos": [
                10966.734375,
                127.80343627929688,
                14699.1513671875
            ],
            "ypr": [
                -96.14954376220703,
                -0.0,
                -0.0
            ],
            "scale": 0.9999992847442627,
            "enableCEPersistency": 0
        },
        {
            "name": "NailBox",
            "pos": [
                10966.734375,
                127.80343627929688,
                14699.1513671875
            ],
            "ypr": [
                -96.14954376220703,
                -0.0,
                -0.0
            ],
            "scale": 0.9999992847442627,
            "enableCEPersistency": 0
        },
        {
            "name": "NailBox",
            "pos": [
                10966.734375,
                127.80343627929688,
                14699.1513671875
            ],
            "ypr": [
                -96.14954376220703,
                -0.0,
                -0.0
            ],
            "scale": 0.9999992847442627,
            "enableCEPersistency": 0
        },
        {
            "name": "NailBox",
            "pos": [
                10966.734375,
                127.80343627929688,
                14699.1513671875
            ],
            "ypr": [
                -96.14954376220703,
                -0.0,
                -0.0
            ],
            "scale": 0.9999992847442627,
            "enableCEPersistency": 0
        },
        {
            "name": "NailBox",
            "pos": [
                10966.734375,
                127.80343627929688,
                14699.1513671875
            ],
            "ypr": [
                -96.14954376220703,
                -0.0,
                -0.0
            ],
            "scale": 0.9999992847442627,
            "enableCEPersistency": 0
        },
        {
            "name": "NailBox",
            "pos": [
                10966.734375,
                127.80343627929688,
                14699.1513671875
            ],
            "ypr": [
                -96.14954376220703,
                -0.0,
                -0.0
            ],
            "scale": 0.9999992847442627,
            "enableCEPersistency": 0
        },
        {
            "name": "NailBox",
            "pos": [
                10966.734375,
                127.80343627929688,
                14699.1513671875
            ],
            "ypr": [
                -96.14954376220703,
                -0.0,
                -0.0
            ],
            "scale": 0.9999992847442627,
            "enableCEPersistency": 0
        },
        {
            "name": "NailBox",
            "pos": [
                10966.734375,
                127.80343627929688,
                14699.1513671875
            ],
            "ypr": [
                -96.14954376220703,
                -0.0,
                -0.0
            ],
            "scale": 0.9999992847442627,
            "enableCEPersistency": 0
        },
        {
            "name": "NailBox",
            "pos": [
                10966.734375,
                127.80343627929688,
                14699.1513671875
            ],
            "ypr": [
                -96.14954376220703,
                -0.0,
                -0.0
            ],
            "scale": 0.9999992847442627,
            "enableCEPersistency": 0
        },
        {
            "name": "NailBox",
            "pos": [
                10966.734375,
                127.80343627929688,
                14699.1513671875
            ],
            "ypr": [
                -96.14954376220703,
                -0.0,
                -0.0
            ],
            "scale": 0.9999992847442627,
            "enableCEPersistency": 0
        },
        {
            "name": "NailBox",
            "pos": [
                10966.734375,
                127.80343627929688,
                14699.1513671875
            ],
            "ypr": [
                -96.14954376220703,
                -0.0,
                -0.0
            ],
            "scale": 0.9999992847442627,
            "enableCEPersistency": 0
        },
        {
            "name": "NailBox",
            "pos": [
                10966.734375,
                127.80343627929688,
                14699.1513671875
            ],
            "ypr": [
                -96.14954376220703,
                -0.0,
                -0.0
            ],
            "scale": 0.9999992847442627,
            "enableCEPersistency": 0
        },
        {
            "name": "NailBox",
            "pos": [
                10966.734375,
                127.80343627929688,
                14699.1513671875
            ],
            "ypr": [
                -96.14954376220703,
                -0.0,
                -0.0
            ],
            "scale": 0.9999992847442627,
            "enableCEPersistency": 0
        },
        {
            "name": "NailBox",
            "pos": [
                10966.734375,
                127.80343627929688,
                14699.1513671875
            ],
            "ypr": [
                -96.14954376220703,
                -0.0,
                -0.0
            ],
            "scale": 0.9999992847442627,
            "enableCEPersistency": 0
        },
        {
            "name": "NailBox",
            "pos": [
                10966.734375,
                127.80343627929688,
                14699.1513671875
            ],
            "ypr": [
                -96.14954376220703,
                -0.0,
                -0.0
            ],
            "scale": 0.9999992847442627,
            "enableCEPersistency": 0
        },
        {
            "name": "NailBox",
            "pos": [
                10966.734375,
                127.80343627929688,
                14699.1513671875
            ],
            "ypr": [
                -96.14954376220703,
                -0.0,
                -0.0
            ],
            "scale": 0.9999992847442627,
            "enableCEPersistency": 0
        },
        {
            "name": "NailBox",
            "pos": [
                10966.734375,
                127.80343627929688,
                14699.1513671875
            ],
            "ypr": [
                -96.14954376220703,
                -0.0,
                -0.0
            ],
            "scale": 0.9999992847442627,
            "enableCEPersistency": 0
        },
        {
            "name": "TacticalGloves_Black",
            "pos": [
                10967.0546875,
                127.79873657226563,
                14700.392578125
            ],
            "ypr": [
                164.8504638671875,
                0.0,
                0.0
            ],
            "scale": 0.9999997615814209,
            "enableCEPersistency": 0
        },
        {
            "name": "BalaclavaMask_Black",
            "pos": [
                10967.4775390625,
                127.872314453125,
                14700.4296875
            ],
            "ypr": [
                -177.14952087402345,
                0.0,
                -0.0
            ],
            "scale": 0.9999997615814209,
            "enableCEPersistency": 0
        },
        {
            "name": "CargoPants_Black",
            "pos": [
                10966.685546875,
                127.8028564453125,
                14700.2060546875
            ],
            "ypr": [
                164.8504638671875,
                0.0,
                0.0
            ],
            "scale": 0.9999997615814209,
            "enableCEPersistency": 0
        },
        {
            "name": "M65Jacket_Black",
            "pos": [
                10968.1923828125,
                127.754150390625,
                14700.0283203125
            ],
            "ypr": [
                173.85044860839845,
                -0.0,
                -0.0
            ],
            "scale": 1.0,
            "enableCEPersistency": 0
        },
        {
            "name": "MilitaryBoots_Black",
            "pos": [
                10969.0458984375,
                128.35853576660157,
                14699.61328125
            ],
            "ypr": [
                -177.14952087402345,
                0.0,
                -0.0
            ],
            "scale": 0.9999997615814209,
            "enableCEPersistency": 0
        },
        {
            "name": "AssaultBag_Black",
            "pos": [
                10966.0068359375,
                128.43650817871095,
                14700.5166015625
            ],
            "ypr": [
                -177.14952087402345,
                0.0,
                -0.0
            ],
            "scale": 0.9999997615814209,
            "enableCEPersistency": 0
        },
        {
            "name": "PlateCarrierVest_Black",
            "pos": [
                10966.017578125,
                127.817138671875,
                14700.2001953125
            ],
            "ypr": [
                -105.14957427978516,
                -0.0,
                -0.0
            ],
            "scale": 1.0,
            "enableCEPersistency": 0
        },
        {
            "name": "PlateCarrierPouches_Black",
            "pos": [
                10965.7607421875,
                127.82833862304688,
                14700.1640625
            ],
            "ypr": [
                -87.14952850341797,
                -0.0,
                -0.0
            ],
            "scale": 0.9999998807907105,
            "enableCEPersistency": 0
        },
        {
            "name": "PlateCarrierHolster_Black",
            "pos": [
                10965.830078125,
                127.84719848632813,
                14699.9375
            ],
            "ypr": [
                -177.14952087402345,
                0.0,
                -0.0
            ],
            "scale": 0.9999997615814209,
            "enableCEPersistency": 0
        },
        {
            "name": "CombinationLock4",
            "pos": [
                10968.8681640625,
                128.36463928222657,
                14700.005859375
            ],
            "ypr": [
                -177.14952087402345,
                0.0,
                -0.0
            ],
            "scale": 0.9999997615814209,
            "enableCEPersistency": 0
        },
        {
            "name": "PotatoSeed",
            "pos": [
                10969.26953125,
                128.3563995361328,
                14699.5517578125
            ],
            "ypr": [
                -177.14952087402345,
                0.0,
                -0.0
            ],
            "scale": 0.9999997615814209,
            "enableCEPersistency": 0
        },
        {
            "name": "Aug",
            "pos": [
                10968.1201171875,
                129.05819702148438,
                14700.4599609375
            ],
            "ypr": [
                -177.14952087402345,
                0.0,
                -0.0
            ],
            "scale": 0.9999997615814209,
            "enableCEPersistency": 0
        },
        {
            "name": "M4_Suppressor",
            "pos": [
                10969.2060546875,
                128.3971710205078,
                14699.5791015625
            ],
            "ypr": [
                -177.14952087402345,
                0.0,
                -0.0
            ],
            "scale": 0.9999997615814209,
            "enableCEPersistency": 0
        },
        {
            "name": "AugShort",
            "pos": [
                10967.11328125,
                129.09243774414063,
                14700.5107421875
            ],
            "ypr": [
                -177.14952087402345,
                0.0,
                -0.0
            ],
            "scale": 0.9999997615814209,
            "enableCEPersistency": 0
        },
        {
            "name": "Mag_Aug_30Rnd",
            "pos": [
                10968.875,
                128.4968719482422,
                14699.75
            ],
            "ypr": [
                -123.14952087402344,
                -0.0,
                -0.0
            ],
            "scale": 0.9999992847442627,
            "enableCEPersistency": 0
        },
        {
            "name": "TacticalGloves_Black",
            "pos": [
                10967.0546875,
                127.79873657226563,
                14700.392578125
            ],
            "ypr": [
                164.8504638671875,
                0.0,
                0.0
            ],
            "scale": 0.9999997615814209,
            "enableCEPersistency": 0
        },
        {
            "name": "BalaclavaMask_Black",
            "pos": [
                10967.4775390625,
                127.872314453125,
                14700.4296875
            ],
            "ypr": [
                -177.14952087402345,
                0.0,
                -0.0
            ],
            "scale": 0.9999997615814209,
            "enableCEPersistency": 0
        },
        {
            "name": "CargoPants_Black",
            "pos": [
                10966.685546875,
                127.8028564453125,
                14700.2060546875
            ],
            "ypr": [
                164.8504638671875,
                0.0,
                0.0
            ],
            "scale": 0.9999997615814209,
            "enableCEPersistency": 0
        },
        {
            "name": "M65Jacket_Black",
            "pos": [
                10968.1923828125,
                127.754150390625,
                14700.0283203125
            ],
            "ypr": [
                173.85044860839845,
                -0.0,
                -0.0
            ],
            "scale": 1.0,
            "enableCEPersistency": 0
        },
        {
            "name": "MilitaryBoots_Black",
            "pos": [
                10969.0458984375,
                128.35853576660157,
                14699.61328125
            ],
            "ypr": [
                -177.14952087402345,
                0.0,
                -0.0
            ],
            "scale": 0.9999997615814209,
            "enableCEPersistency": 0
        },
        {
            "name": "AliceBag_Black",
            "pos": [
                10966.0068359375,
                128.43650817871095,
                14700.5166015625
            ],
            "ypr": [
                -177.14952087402345,
                0.0,
                -0.0
            ],
            "scale": 0.9999997615814209,
            "enableCEPersistency": 0
        },
        {
            "name": "PlateCarrierVest_Black",
            "pos": [
                10966.017578125,
                127.817138671875,
                14700.2001953125
            ],
            "ypr": [
                -105.14957427978516,
                -0.0,
                -0.0
            ],
            "scale": 1.0,
            "enableCEPersistency": 0
        },
        {
            "name": "PlateCarrierPouches_Black",
            "pos": [
                10965.7607421875,
                127.82833862304688,
                14700.1640625
            ],
            "ypr": [
                -87.14952850341797,
                -0.0,
                -0.0
            ],
            "scale": 0.9999998807907105,
            "enableCEPersistency": 0
        },
        {
            "name": "PlateCarrierHolster_Black",
            "pos": [
                10965.830078125,
                127.84719848632813,
                14699.9375
            ],
            "ypr": [
                -177.14952087402345,
                0.0,
                -0.0
            ],
            "scale": 0.9999997615814209,
            "enableCEPersistency": 0
        },
        {
            "name": "CombinationLock4",
            "pos": [
                10968.8681640625,
                128.36463928222657,
                14700.005859375
            ],
            "ypr": [
                -177.14952087402345,
                0.0,
                -0.0
            ],
            "scale": 0.9999997615814209,
            "enableCEPersistency": 0
        },
        {
            "name": "PotatoSeed",
            "pos": [
                10969.26953125,
                128.3563995361328,
                14699.5517578125
            ],
            "ypr": [
                -177.14952087402345,
                0.0,
                -0.0
            ],
            "scale": 0.9999997615814209,
            "enableCEPersistency": 0
        },
        {
            "name": "Aug",
            "pos": [
                10968.1201171875,
                129.05819702148438,
                14700.4599609375
            ],
            "ypr": [
                -177.14952087402345,
                0.0,
                -0.0
            ],
            "scale": 0.9999997615814209,
            "enableCEPersistency": 0
        },
        {
            "name": "M4_Suppressor",
            "pos": [
                10969.2060546875,
                128.3971710205078,
                14699.5791015625
            ],
            "ypr": [
                -177.14952087402345,
                0.0,
                -0.0
            ],
            "scale": 0.9999997615814209,
            "enableCEPersistency": 0
        },
        {
            "name": "AugShort",
            "pos": [
                10967.11328125,
                129.09243774414063,
                14700.5107421875
            ],
            "ypr": [
                -177.14952087402345,
                0.0,
                -0.0
            ],
            "scale": 0.9999997615814209,
            "enableCEPersistency": 0
        },
        {
            "name": "Mag_Aug_30Rnd",
            "pos": [
                10968.875,
                128.4968719482422,
                14699.75
            ],
            "ypr": [
                -123.14952087402344,
                -0.0,
                -0.0
            ],
            "scale": 0.9999992847442627,
            "enableCEPersistency": 0
        },
        {
            "name": "Flag_APA",
            "pos": [
                10966.23046875,
                127.766357421875,
                14698.095703125
            ],
            "ypr": [
                -177.14952087402345,
                0.0,
                0.0
            ],
            "scale": 0.9999997615814209,
            "enableCEPersistency": 0
        }
    ]
}