<?xml version="1.0" encoding="UTF-8" standalone="yes"?>
<events>
    <event name="AmbientHen">
        <nominal>3</nominal>
        <min>0</min>
        <max>20</max>
        <lifetime>33</lifetime>
        <restock>15</restock>
        <saferadius>40</saferadius>
        <distanceradius>0</distanceradius>
        <cleanupradius>0</cleanupradius>
        <flags deletable="0" init_random="0" remove_damaged="0"/>
        <position>fixed</position>
        <limit>mixed</limit>
        <active>0</active>
        <children>
            <child lootmax="0" lootmin="0" max="2" min="1" type="Animal_GallusGallusDomesticus"/>
            <child lootmax="0" lootmin="0" max="4" min="1" type="Animal_GallusGallusDomesticusF_Brown"/>
            <child lootmax="0" lootmin="0" max="4" min="1" type="Animal_GallusGallusDomesticusF_Spotted"/>
            <child lootmax="0" lootmin="0" max="4" min="1" type="Animal_GallusGallusDomesticusF_White"/>
        </children>
    </event> 
    <event name="StaticContaminatedAreaPD">
        <nominal>0</nominal>
        <min>1</min>
        <max>1</max>
        <lifetime>300</lifetime>
        <restock>1800</restock>
        <saferadius>0</saferadius>
        <distanceradius>120</distanceradius>
        <cleanupradius>0</cleanupradius>
        <flags deletable="1" init_random="1" remove_damaged="0"/>
        <position>fixed</position>
        <limit>parent</limit>
        <active>0</active>
        <children>
            <child lootmax="0" lootmin="0" max="1" min="1" type="ContaminatedArea_Dynamic"/>
        </children>
    </event>
	<event name="ItemBattery1">
        <nominal>1</nominal>
        <min>1</min>
        <max>1</max>
        <lifetime>3888000</lifetime>
        <restock>0</restock>
        <saferadius>0</saferadius>
        <distanceradius>0</distanceradius>
        <cleanupradius>100</cleanupradius>
        <flags deletable="0" init_random="0" remove_damaged="0"/>
        <position>fixed</position>
        <limit>mixed</limit>
        <active>1</active>
        <children>
		<child lootmax="0" lootmin="0" max="2" min="2" type="CarBattery"/>
        </children>
    </event>
    <event name="AnimalBear">
        <nominal>3</nominal>
        <min>4</min>
        <max>8</max>
        <lifetime>180</lifetime>
        <restock>0</restock>
        <saferadius>10</saferadius>
        <distanceradius>0</distanceradius>
        <cleanupradius>0</cleanupradius>
        <flags deletable="0" init_random="0" remove_damaged="1"/>
        <position>fixed</position>
        <limit>custom</limit>
        <active>0</active>
        <children>
            <child lootmax="0" lootmin="0" max="1" min="1" type="Animal_UrsusArctos"/>
        </children>
    </event>
    <event name="InfectedArmy">
        <nominal>25</nominal>
        <min>25</min>
        <max>25</max>
        <lifetime>3</lifetime>
        <restock>0</restock>
        <saferadius>100</saferadius>
        <distanceradius>50</distanceradius>
        <cleanupradius>100</cleanupradius>
        <flags deletable="0" init_random="0" remove_damaged="1"/>
        <position>player</position>
        <limit>custom</limit>
        <active>1</active>
        <children>
            <child lootmax="5" lootmin="0" max="0" min="25" type="ZmbM_priestPopSkinny"/>
            <child lootmax="5" lootmin="0" max="0" min="25" type="ZmbM_Santa"/>
        </children>
    </event>
    <event name="InfectedArmyHard">
        <nominal>50</nominal>
        <min>25</min>
        <max>250</max>
        <lifetime>3</lifetime>
        <restock>0</restock>
        <saferadius>100</saferadius>
        <distanceradius>50</distanceradius>
        <cleanupradius>100</cleanupradius>
        <flags deletable="0" init_random="0" remove_damaged="1"/>
        <position>player</position>
        <limit>custom</limit>
        <active>0</active>
        <children>
            <child lootmax="5" lootmin="0" max="0" min="120" type="ZmbM_priestPopSkinny"/>
            <child lootmax="5" lootmin="0" max="0" min="120" type="ZmbM_MotobikerFat_Black"/>
        </children>
    </event>
    <event name="InfectedCity">
        <nominal>50</nominal>
        <min>25</min>
        <max>250</max>
        <lifetime>3</lifetime>
        <restock>0</restock>
        <saferadius>100</saferadius>
        <distanceradius>50</distanceradius>
        <cleanupradius>100</cleanupradius>
        <flags deletable="0" init_random="0" remove_damaged="1"/>
        <position>player</position>
        <limit>custom</limit>
        <active>0</active>
        <children>
            <child lootmax="5" lootmin="0" max="0" min="120" type="ZmbM_priestPopSkinny"/>
            <child lootmax="5" lootmin="0" max="0" min="120" type="ZmbM_MotobikerFat_Black"/>
        </children>
    </event>
    <event name="InfectedCityTier1">
        <nominal>50</nominal>
        <min>25</min>
        <max>250</max>
        <lifetime>3</lifetime>
        <restock>0</restock>
        <saferadius>100</saferadius>
        <distanceradius>50</distanceradius>
        <cleanupradius>100</cleanupradius>
        <flags deletable="0" init_random="0" remove_damaged="1"/>
        <position>player</position>
        <limit>custom</limit>
        <active>0</active>
        <children>
            <child lootmax="5" lootmin="0" max="0" min="120" type="ZmbM_priestPopSkinny"/>
            <child lootmax="5" lootmin="0" max="0" min="120" type="ZmbM_MotobikerFat_Black"/>
        </children>
    </event>
    <event name="InfectedFirefighter">
        <nominal>50</nominal>
        <min>25</min>
        <max>100</max>
        <lifetime>3</lifetime>
        <restock>0</restock>
        <saferadius>100</saferadius>
        <distanceradius>50</distanceradius>
        <cleanupradius>100</cleanupradius>
        <flags deletable="0" init_random="0" remove_damaged="1"/>
        <position>player</position>
        <limit>custom</limit>
        <active>0</active>
        <children>
            <child lootmax="5" lootmin="0" max="0" min="120" type="ZmbM_priestPopSkinny"/>
            <child lootmax="5" lootmin="0" max="0" min="120" type="ZmbM_MotobikerFat_Black"/>
        </children>
    </event>
    <event name="InfectedIndustrial">
        <nominal>50</nominal>
        <min>25</min>
        <max>100</max>
        <lifetime>3</lifetime>
        <restock>0</restock>
        <saferadius>100</saferadius>
        <distanceradius>50</distanceradius>
        <cleanupradius>100</cleanupradius>
        <flags deletable="0" init_random="0" remove_damaged="1"/>
        <position>player</position>
        <limit>custom</limit>
        <active>0</active>
        <children>
            <child lootmax="5" lootmin="0" max="0" min="120" type="ZmbM_priestPopSkinny"/>
            <child lootmax="5" lootmin="0" max="0" min="120" type="ZmbM_MotobikerFat_Black"/>
        </children>
    </event>
    <event name="InfectedMedic">
        <nominal>50</nominal>
        <min>25</min>
        <max>100</max>
        <lifetime>3</lifetime>
        <restock>0</restock>
        <saferadius>100</saferadius>
        <distanceradius>50</distanceradius>
        <cleanupradius>100</cleanupradius>
        <flags deletable="0" init_random="0" remove_damaged="1"/>
        <position>player</position>
        <limit>custom</limit>
        <active>0</active>
        <children>
            <child lootmax="5" lootmin="0" max="0" min="120" type="ZmbM_priestPopSkinny"/>
            <child lootmax="5" lootmin="0" max="0" min="120" type="ZmbM_MotobikerFat_Black"/>
        </children>
    </event>
    <event name="InfectedPolice">
        <nominal>50</nominal>
        <min>25</min>
        <max>100</max>
        <lifetime>3</lifetime>
        <restock>0</restock>
        <saferadius>100</saferadius>
        <distanceradius>50</distanceradius>
        <cleanupradius>100</cleanupradius>
        <flags deletable="0" init_random="0" remove_damaged="1"/>
        <position>player</position>
        <limit>custom</limit>
        <active>0</active>
        <children>
            <child lootmax="5" lootmin="0" max="0" min="120" type="ZmbM_priestPopSkinny"/>
            <child lootmax="5" lootmin="0" max="0" min="120" type="ZmbM_MotobikerFat_Black"/>
        </children>
    </event>
    <event name="InfectedPoliceHard">
        <nominal>50</nominal>
        <min>25</min>
        <max>100</max>
        <lifetime>3</lifetime>
        <restock>0</restock>
        <saferadius>100</saferadius>
        <distanceradius>50</distanceradius>
        <cleanupradius>100</cleanupradius>
        <flags deletable="0" init_random="0" remove_damaged="1"/>
        <position>player</position>
        <limit>custom</limit>
        <active>0</active>
        <children>
            <child lootmax="5" lootmin="0" max="0" min="120" type="ZmbM_priestPopSkinny"/>
            <child lootmax="5" lootmin="0" max="0" min="120" type="ZmbM_MotobikerFat_Black"/>
        </children>
    </event>
    <event name="InfectedPrisoner">
        <nominal>50</nominal>
        <min>25</min>
        <max>100</max>
        <lifetime>3</lifetime>
        <restock>0</restock>
        <saferadius>100</saferadius>
        <distanceradius>50</distanceradius>
        <cleanupradius>100</cleanupradius>
        <flags deletable="0" init_random="0" remove_damaged="1"/>
        <position>player</position>
        <limit>custom</limit>
        <active>0</active>
        <children>
            <child lootmax="5" lootmin="0" max="0" min="120" type="ZmbM_priestPopSkinny"/>
            <child lootmax="5" lootmin="0" max="0" min="120" type="ZmbM_MotobikerFat_Black"/>
        </children>
    </event>
    <event name="InfectedReligious">
        <nominal>50</nominal>
        <min>25</min>
        <max>100</max>
        <lifetime>3</lifetime>
        <restock>0</restock>
        <saferadius>100</saferadius>
        <distanceradius>50</distanceradius>
        <cleanupradius>100</cleanupradius>
        <flags deletable="0" init_random="0" remove_damaged="1"/>
        <position>player</position>
        <limit>custom</limit>
        <active>1</active>
        <children>
            <child lootmax="5" lootmin="0" max="0" min="120" type="ZmbM_priestPopSkinny"/>
            <child lootmax="5" lootmin="0" max="0" min="120" type="ZmbM_MotobikerFat_Black"/>
        </children>
    </event>
    <event name="InfectedSolitude">
        <nominal>50</nominal>
        <min>25</min>
        <max>100</max>
        <lifetime>3</lifetime>
        <restock>0</restock>
        <saferadius>100</saferadius>
        <distanceradius>50</distanceradius>
        <cleanupradius>100</cleanupradius>
        <flags deletable="0" init_random="0" remove_damaged="1"/>
        <position>player</position>
        <limit>custom</limit>
        <active>0</active>
        <children>
            <child lootmax="5" lootmin="0" max="0" min="120" type="ZmbM_priestPopSkinny"/>
            <child lootmax="5" lootmin="0" max="0" min="120" type="ZmbM_MotobikerFat_Black"/>
        </children>
    </event>
    <event name="InfectedVillage">
        <nominal>50</nominal>
        <min>25</min>
        <max>100</max>
        <lifetime>3</lifetime>
        <restock>0</restock>
        <saferadius>100</saferadius>
        <distanceradius>50</distanceradius>
        <cleanupradius>100</cleanupradius>
        <flags deletable="0" init_random="0" remove_damaged="1"/>
        <position>player</position>
        <limit>custom</limit>
        <active>0</active>
        <children>
            <child lootmax="5" lootmin="0" max="0" min="120" type="ZmbM_priestPopSkinny"/>
            <child lootmax="5" lootmin="0" max="0" min="120" type="ZmbM_MotobikerFat_Black"/>
        </children>
    </event>
    <event name="InfectedVillageTier1">
        <nominal>50</nominal>
        <min>25</min>
        <max>100</max>
        <lifetime>3</lifetime>
        <restock>0</restock>
        <saferadius>100</saferadius>
        <distanceradius>50</distanceradius>
        <cleanupradius>100</cleanupradius>
        <flags deletable="0" init_random="0" remove_damaged="1"/>
        <position>player</position>
        <limit>custom</limit>
        <active>0</active>
        <children>
            <child lootmax="5" lootmin="0" max="0" min="120" type="ZmbM_priestPopSkinny"/>
            <child lootmax="5" lootmin="0" max="0" min="120" type="ZmbM_MotobikerFat_Black"/>
        </children>
    </event>
    <event name="InfectedNBC">
        <nominal>50</nominal>
        <min>25</min>
        <max>250</max>
        <lifetime>3</lifetime>
        <restock>0</restock>
        <saferadius>100</saferadius>
        <distanceradius>50</distanceradius>
        <cleanupradius>100</cleanupradius>
        <flags deletable="0" init_random="0" remove_damaged="1"/>
        <position>player</position>
        <limit>custom</limit>
        <active>0</active>
        <children>
            <child lootmax="5" lootmin="0" max="0" min="100" type="ZmbM_NBC_Grey"/>
        </children>
    </event>
    <event name="InfectedNBCYellow">
        <nominal>50</nominal>
        <min>25</min>
        <max>250</max>
        <lifetime>3</lifetime>
        <restock>0</restock>
        <saferadius>100</saferadius>
        <distanceradius>50</distanceradius>
        <cleanupradius>100</cleanupradius>
        <flags deletable="0" init_random="0" remove_damaged="1"/>
        <position>player</position>
        <limit>custom</limit>
        <active>0</active>
        <children>
            <child lootmax="3" lootmin="0" max="0" min="10" type="ZmbM_NBC_Yellow"/>
        </children>
    </event>
    <event name="StaticContaminatedArea">
        <nominal>0</nominal>
        <min>2</min>
        <max>4</max>
        <lifetime>2100</lifetime>
        <restock>0</restock>
        <saferadius>0</saferadius>
        <distanceradius>120</distanceradius>
        <cleanupradius>0</cleanupradius>
        <flags deletable="1" init_random="1" remove_damaged="0"/>
        <position>fixed</position>
        <limit>parent</limit>
        <active>0</active>
        <children>
            <child lootmax="0" lootmin="0" max="4" min="2" type="ContaminatedArea_Dynamic"/>
        </children>
    </event>
    <event name="Loot">
        <nominal>0</nominal>
        <min>0</min>
        <max>0</max>
        <lifetime>0</lifetime>
        <restock>0</restock>
        <saferadius>0</saferadius>
        <distanceradius>0</distanceradius>
        <cleanupradius>50</cleanupradius>
        <flags deletable="0" init_random="0" remove_damaged="1"/>
        <position>fixed</position>
        <limit>custom</limit>
        <active>1</active>
        <children/>
    </event>
</events>