<?xml version="1.0" encoding="UTF-8" standalone="yes"?>
<messages>
    <message>
        <deadline>240</deadline>
        <shutdown>1</shutdown>
        <text>Aggro Kamy PVP will restart in #tmin minutes.</text>
    </message>
    <message>
        <repeat>12</repeat>
        <text>Killfeed in discord.gg/aggropvp</text>
    </message>
    <message>
        <repeat>18</repeat>
        <text>Loot, kill, die, repeat.</text>
    </message>
    <message>
        <repeat>20</repeat>
        <text>Don't be dicks. Discord.gg/aggropvp</text>
    </message>
</messages>