<?xml version="1.0" encoding="UTF-8" standalone="yes" ?>
<eventposdef>
	<event name="StaticContaminatedArea">
		<zone smin="0" smax="0" dmin="5" dmax="8" r="75" />
		<pos x="11778.51" z="3436.28" />
		<pos x="11843.65" z="3616.14" />
		<pos x="12006.01" z="3750.31" />
		<pos x="12160.59" z="3632.67" />
		<pos x="12300.58" z="3475.17" />
		<pos x="12178.09" z="3407.11" />
	</event>
	<event name="ItemBattery1">
        <pos x="12190.72" z="3502.39" a="60" /> <!--Battery-->
	</event>
	<event name="VehicleTruck01">
		<pos x="2906.678223" z="9736.077148" a="320.966431" />
	</event>
    <event name="StaticHeliCrash">
		<zone smin="1" smax="3" dmin="3" dmax="5" r="45" />
		<pos x="4663.02" z="10323.48" a="-1" />
    </event>
	<event name="StaticChristmasTree">
		<pos x="6560.29" z="2462.12" a="0.0" />
	</event>
    <event name="Loot" />
    <event name="StaticPoliceCar">
		<pos x="1846.316407" z="11492.649414" a="336.442993" />
    </event>
	<event name="ItemPlanks">
		<pos x="3596.823486" z="2236.208984" a="20.201563" />	
    </event>
	<event name="VehicleHatchback02"/>
	<event name="VehicleV3SCargo" />
    <event name="VehicleTransitBus" />
    <event name="InfectedVillage" />
    <event name="InfectedSolitude" />
    <event name="InfectedArmy" />
    <event name="InfectedCity" />
    <event name="InfectedMedic" />
    <event name="InfectedPolice" />
    <event name="InfectedFirefighter" />
    <event name="InfectedPrisoner" />
    <event name="AnimalDeer" />
    <event name="AnimalCow" />
    <event name="AnimalSheep" />
    <event name="AnimalRoeDeer" />
    <event name="AnimalWolf" />
    <event name="AnimalWildBoar" />
</eventposdef>