{
    "version": 118,
    "GeneralData": {
        "disableBaseDamage": 1,
        "disableContainerDamage": 0,
        "disableRespawnDialog": 0
    },
    "PlayerData": {
        "disablePersonalLight": 0,
        "StaminaData": {
            "sprintStaminaModifierErc": 0.01,
            "sprintStaminaModifierCro": 0.01,
            "staminaWeightLimitThreshold": 6000.0,
            "staminaMax": 100.0,
            "staminaKgToStaminaPercentPenalty": 0.01,
            "staminaMinCap": 0.01
        },
        "ShockHandlingData": {
            "shockRefillSpeedConscious": 5.0,
            "shockRefillSpeedUnconscious": 1.0,
            "allowRefillSpeedModifier": true
        }
    },
    "WorldsData": {
        "lightingConfig": 1,
        "objectSpawnersArr": [
            "./custom/spawnerData.json"
        ],
        "environmentMinTemps": [
            23,
            23,
            23,
            23,
            23,
            23,
            23,
            23,
            23,
            23,
            23,
            23
        ],
        "environmentMaxTemps": [
            25,
            25,
            25,
            25,
            25,
            25,
            25,
            25,
            25,
            25,
            25,
            25
        ]
    },
    "BaseBuildingData": {
        "HologramData": {
            "disableIsCollidingBBoxCheck": 0,
            "disableIsCollidingPlayerCheck": 0,
            "disableIsClippingRoofCheck": 0,
            "disableIsBaseViableCheck": 0,
            "disableIsCollidingGPlotCheck": 0,
            "disableIsCollidingAngleCheck": 0,
            "disableIsPlacementPermittedCheck": 0,
            "disableHeightPlacementCheck": 0,
            "disableIsUnderwaterCheck": 0,
            "disableIsInTerrainCheck": 0
        },
        "ConstructionData": {
            "disablePerformRoofCheck": 0,
            "disableIsCollidingCheck": 0,
            "disableDistanceCheck": 0
        }
    },
    "UIData": {
        "use3DMap": 0,
        "HitIndicationData": {
            "hitDirectionOverrideEnabled": 0,
            "hitDirectionBehaviour": 1,
            "hitDirectionStyle": 0,
            "hitDirectionIndicatorColorStr": "0xffbb0a1e",
            "hitDirectionMaxDuration": 2.0,
            "hitDirectionBreakPointRelative": 0.2,
            "hitDirectionScatter": 10.0,
            "hitIndicationPostProcessEnabled": 1
        }
    }
}