<?xml version="1.0" encoding="UTF-8" standalone="yes" ?>
<randompresets>
		<cargo chance="0.50" name="foodHermit">
				<item name="TunaCan" chance="0.80" />
				<item name="SardinesCan" chance="0.10" />
				<item name="Apple" chance="0.07" />
		</cargo>
		<cargo chance="0.35" name="foodVillage">
				<item name="SodaCan_Cola" chance="0.35" />
				<item name="SodaCan_Pipsi" chance="0.35" />
				<item name="SodaCan_Spite" chance="0.35" />
				<item name="TunaCan" chance="0.08" />
				<item name="SardinesCan" chance="0.12" />
				<item name="Marmalade" chance="0.30" />
				<item name="SpaghettiCan" chance="0.10" />
				<item name="BakedBeansCan" chance="0.10" />
		</cargo>
		<cargo chance="1.00" name="ContaminatedCargo">
				<item name="GasMask_Filter" chance="1.00" />
		</cargo>
		<cargo chance="0.35" name="foodCity"> <!--same as the one above - just preparing -->
				<item name="SodaCan_Cola" chance="0.35" />
				<item name="SodaCan_Pipsi" chance="0.35" />
				<item name="SodaCan_Spite" chance="0.35" />
				<item name="TunaCan" chance="0.08" />
				<item name="SardinesCan" chance="0.12" />
				<item name="Marmalade" chance="0.30" />
				<item name="SpaghettiCan" chance="0.10" />
				<item name="BakedBeansCan" chance="0.10" />
		</cargo>
		<cargo chance="1.00" name="foodArmy">
				<item name="CatFoodCan_Opened" chance="0.04" />
				<item name="BrisketSpread_Opened" chance="0.04" />
				<item name="Chips" chance="0.04" />
				<item name="Crackers" chance="0.04" />
				<item name="DogFoodCan_Opened" chance="0.04" />
				<item name="Honey" chance="0.04" />
				<item name="Lunchmeat_Opened" chance="0.04" />
				<item name="Pajka_Opened" chance="0.04" />
				<item name="Pate_Opened" chance="0.04" />
				<item name="PorkCan_Opened" chance="0.04" />
				<item name="SaltySticks" chance="0.04" />
				<item name="SodaCan_Fronta" chance="0.04" />
				<item name="UnknownFoodCan_Opened" chance="0.04" />
				<item name="Zagorky" chance="0.04" />
				<item name="ZagorkyChocolate" chance="0.04" />
				<item name="ZagorkyPeanuts" chance="0.04" />
				<item name="BakedBeansCan_Opened" chance="0.04"/>
				<item name="SpaghettiCan_Opened" chance="0.04"/>
				<item name="PeachesCan_Opened" chance="0.04"/>
				<item name="Marmalade" chance="0.04"/> 
				<item name="SodaCan_Spite" chance="0.04"/>
				<item name="SodaCan_Pipsi" chance="0.04"/>
				<item name="SodaCan_Cola" chance="0.04"/>
				<item name="SodaCan_Kvass" chance="0.04"/>
		</cargo>
		<cargo chance="0.50" name="mixFlares">
				<item name="Ammo_FlareBlue" chance="0.25" />
				<item name="Ammo_FlareGreen" chance="0.25" />
				<item name="Ammo_FlareRed" chance="0.25" />
				<item name="Ammo_Flare" chance="0.25" />
		</cargo>
		<cargo chance="0.50" name="toolsHermit">
				<item name="PetrolLighter" chance="0.15" />
				<item name="Lockpick" chance="0.05" />
				<item name="Rope" chance="0.07" />
				<item name="BandageDressing" chance="0.50" />
				<item name="Hatchet" chance="0.25" />
				<item name="Iceaxe" chance="0.25" />
				<item name="HuntingKnife" chance="0.08" />
				<item name="PurificationTablets" chance="0.50" />
				<item name="CharcoalTablets" chance="0.05" />
		</cargo>
		<cargo chance="0.2" name="toolsVillage">
				<item name="DuctTape" chance="0.25" />
				<item name="Battery9V" chance="0.07" />
				<item name="PetrolLighter" chance="0.07" />
				<item name="SewingKit" chance="0.07" />
				<item name="Lockpick" chance="0.05" />
				<item name="Rope" chance="0.07" />
				<item name="BandageDressing" chance="0.50" />
				<item name="Iceaxe" chance="0.25" />
		</cargo>
		<cargo chance="0.2" name="toolsCity"> <!--same as the one above - just preparing -->
				<item name="DuctTape" chance="0.17" />
				<item name="Battery9V" chance="0.07" />
				<item name="PetrolLighter" chance="0.07" />
				<item name="SewingKit" chance="0.07" />
				<item name="Lockpick" chance="0.05" />
				<item name="Rope" chance="0.07" />
				<item name="BandageDressing" chance="0.50" />
				<item name="CombatKnife" chance="0.25" />
		</cargo>
		<cargo chance="0.35" name="toolsMedic">
				<item name="BandageDressing" chance="0.50" />
				<item name="SalineBagIV" chance="0.17" />
				<item name="BandageDressing" chance="0.14" />
				<item name="BloodBagEmpty" chance="0.1" />
				<item name="BloodTestKit" chance="0.05" />
				<item name="StartKitIV" chance="0.05" />
				<item name="PurificationTablets" chance="0.05" />
				<item name="CharcoalTablets" chance="0.05" />
				<item name="PainkillerTablets" chance="0.05" />
				<item name="VitaminBottle" chance="0.05" />
				<item name="TetracyclineAntibiotics" chance="0.05" />
				<item name="Thermometer" chance="0.05" />
		</cargo>
		<cargo chance="0.35" name="toolsPolice">
				<item name="Battery9V" chance="0.1" />
				<item name="PersonalRadio" chance="0.1" />
				<item name="Iceaxe" chance="0.25" />
				<item name="Hatchet" chance="0.2" />
				<item name="CombatKnife" chance="0.05" />
				<item name="Morphine" chance="0.05" />
				<item name="BandageDressing" chance="0.50" />
		</cargo>
		<cargo chance="0.15" name="toolsHunter">
				<item name="Iceaxe" chance="0.25" />
				<item name="Battery9V" chance="0.1" />
				<item name="PetrolLighter" chance="0.15" />
				<item name="Hatchet" chance="0.1" />
				<item name="HuntingKnife" chance="0.05" />
				<item name="Lockpick" chance="0.05" />
				<item name="BandageDressing" chance="0.05" />
				<item name="PurificationTablets" chance="0.10" />
				<item name="CharcoalTablets" chance="0.10" />
				<item name="PainkillerTablets" chance="0.10" />
				<item name="VitaminBottle" chance="0.10" />
		</cargo>
		<cargo chance="0.35" name="toolsIndustrial">
				<item name="Hatchet" chance="0.25" />
				<item name="Crowbar" chance="0.07" />
				<item name="Rope" chance="0.1" />
				<item name="DuctTape" chance="0.25" />
				<item name="Battery9V" chance="0.2" />
				<item name="Iceaxe" chance="0.25" />
		</cargo>
		<cargo chance="0.15" name="ammoCivil">
				<item name="Ammo_762x39" chance="0.12" />
				<item name="AmmoBox_762x39_20Rnd" chance="0.02" />
				<item name="Ammo_762x54" chance="0.08" />
				<item name="AmmoBox_762x54_20Rnd" chance="0.02" />
		</cargo>
		<cargo chance="0.3" name="ammoPolice">
				<item name="AmmoBox_12gaSlug_10Rnd" chance="0.3" />
				<item name="AmmoBox_00buck_10rnd" chance="0.3" />
		</cargo>
		<cargo chance="0.25" name="ammoArmy">
				<item name="Ammo_762x39" chance="0.2" />
				<item name="AmmoBox_762x39_20Rnd" chance="0.05" />
				<item name="Ammo_762x54" chance="0.2" />
				<item name="AmmoBox_762x54_20Rnd" chance="0.05" />
		</cargo>
		<cargo chance="0.60" name="mixVillage">
				<item name="DuctTape" chance="0.25" />
				<item name="Battery9V" chance="0.07" />
				<item name="Iceaxe" chance="0.25" />
				<item name="PetrolLighter" chance="0.27" />
				<item name="Hatchet" chance="0.2" />
				<item name="KitchenKnife" chance="0.15" />
				<item name="Lockpick" chance="0.05" />
				<item name="BandageDressing" chance="0.15" />
				<item name="Ammo_762x39" chance="0.12" />
				<item name="AmmoBox_762x39_20Rnd" chance="0.02" />
				<item name="Ammo_762x54" chance="0.08" />
				<item name="AmmoBox_762x54_20Rnd" chance="0.02" />
				<item name="SodaCan_Cola" chance="0.09" />
				<item name="SodaCan_Pipsi" chance="0.09" />
				<item name="SodaCan_Spite" chance="0.09" />
				<item name="TunaCan" chance="0.40" />
				<item name="SardinesCan" chance="0.09" />
				<item name="Marmalade" chance="0.40" />
				<item name="SpaghettiCan" chance="0.09" />
				<item name="BakedBeansCan" chance="0.10" />
		</cargo>
		<cargo chance="0.40" name="mixHunter">
				<item name="Iceaxe" chance="0.15" />
				<item name="PetrolLighter" chance="0.07" />
				<item name="Hatchet" chance="0.2" />
				<item name="HuntingKnife" chance="0.15" />
				<item name="Lockpick" chance="0.05" />
				<item name="BandageDressing" chance="0.05" />
				<item name="Ammo_762x39" chance="0.12" />
				<item name="AmmoBox_762x39_20Rnd" chance="0.02" />
				<item name="Ammo_762x54" chance="0.08" />
				<item name="AmmoBox_762x54_20Rnd" chance="0.02" />
				<item name="SodaCan_Cola" chance="0.09" />
				<item name="SodaCan_Pipsi" chance="0.09" />
				<item name="SodaCan_Spite" chance="0.08" />
				<item name="TunaCan" chance="0.40" />
				<item name="SardinesCan" chance="0.10" />
				<item name="Marmalade" chance="0.40" />
				<item name="SpaghettiCan" chance="0.09" />
				<item name="BakedBeansCan" chance="0.09" />
		</cargo>
		<cargo chance="1.00" name="mixArmy">
				<item name="BandageDressing" chance="0.08" />
				<item name="SalineBagIV" chance="0.08" />
				<item name="Ammo_308Win" chance="0.08" />
				<item name="Ammo_762x54" chance="0.08" />
				<item name="TetracyclineAntibiotics" chance="0.08" />
				<item name="Mag_Scout_5Rnd" chance="0.08" />
				<item name="Mag_VAL_20Rnd" chance="0.08" />
				<item name="Mag_CMAG_40Rnd" chance="0.08" />
				<item name="Mag_FAL_20Rnd" chance="0.08" />
				<item name="Mag_AK101_30Rnd" chance="0.08" />
				<item name="Mag_AKM_Palm30Rnd" chance="0.08" />
				<item name="Ammo_357" chance="0.08" />
				<item name="EasterEgg" chance="0.08" />
		</cargo>
		<cargo chance="0.04" name="grenades">
				<item name="RDG2SmokeGrenade_White" chance="0.25" />
				<item name="FlashGrenade" chance="0.25" />
				<item name="RDG2SmokeGrenade_Black" chance="0.25" />
				<item name="RDG5Grenade" chance="0.25" />
		</cargo>
		<attachments chance="0.10" name="optics">
				<item name="M4_T3NRDSOptic" chance="0.20" />
				<item name="ACOGOptic" chance="0.20" />
				<item name="M68Optic" chance="0.20" />
				<item name="BUISOptic" chance="0.20" />
				<item name="ReflexOptic" chance="0.20" />
		</attachments>
		<!-- -->
		<!--   FARM ATTACHMENTS  -->
		<attachments chance="0.20" name="hatsFarm">
				<item name="Ushanka_Black" chance="0.10" />
				<item name="Ushanka_Blue" chance="0.10" />
				<item name="Ushanka_Green" chance="0.10" />
				<item name="SantasHat" chance="0.10" />
		</attachments>
		<attachments chance="0.10" name="bagsHunter">
			<item name="CourierBag" chance="0.10" />
			<item name="HuntingBag" chance="0.50" />
		</attachments>
		<attachments chance="0.10" name="vestsHunter">
			<item name="ChestHolster" chance="0.50" />
		</attachments>
		<!--VILLAGE ATTACHMENTS -->
		<attachments chance="0.20" name="hatsVillage">
				<item name="FlatCap_Black" chance="0.10" />
				<item name="FlatCap_Blue" chance="0.10" />
				<item name="FlatCap_Red" chance="0.10" />
				<item name="FlatCap_Brown" chance="0.10" />
				<item name="FlatCap_Grey" chance="0.10" />
				<item name="SantasHat" chance="0.10" />
				<item name="FlatCap_GreyCheck" chance="0.10" />
				<item name="FlatCap_BlackCheck" chance="0.10" />
				<item name="RadarCap_Black" chance="0.10" />
				<item name="RadarCap_Red" chance="0.10" />
		</attachments>
		<attachments chance="0.70" name="handsVillage">
				<item name="WoodAxe" chance="0.1" />
				<item name="Pickaxe" chance="0.8" />
				<item name="Shovel" chance="0.8" />
		</attachments>
		<attachments chance="0.15" name="bagsVillage">
				<item name="MountainBag_Red" chance="0.10" />
				<item name="MountainBag_Blue" chance="0.10" />
				<item name="MountainBag_Orange" chance="0.10" />
				<item name="MountainBag_Green" chance="0.10" />
		</attachments>
		<attachments chance="0.00" name="glassesVillage"> <!--was chance="0.30"; removed coz of attachment slot is missing -->
			<item name="ThickFramesGlasses" chance="0.10" />
			<item name="ThinFramesGlasses" chance="0.20" />
			<item name="DesignerGlasses" chance="0.20" />
		</attachments>

	<!-- CITY ATTACHMENTS -->
		<attachments chance="1.00" name="hatsCity">
			<item name="WitchHood_Black" chance="1.00" />
		</attachments>
		<attachments chance="0.60" name="handsCity">
				<item name="NailedBaseballBat" chance="1.0" />
				<item name="BaseballBat" chance="1.0" />
				<item name="Machete" chance="1.0" />
		</attachments>
		<attachments chance="0.00" name="glassesCity"> <!--was chance="0.20"; removed coz of attachment slot is missing -->
			<item name="ThickFramesGlasses" chance="0.10" />
			<item name="ThinFramesGlasses" chance="0.10" />
			<item name="DesignerGlasses" chance="0.10" />
			<item name="SportGlasses_Black" chance="0.10" />
			<item name="SportGlasses_Blue" chance="0.10" />
			<item name="SportGlasses_Green" chance="0.10" />
			<item name="SportGlasses_Orange" chance="0.10" />
		</attachments>
		<attachments chance="0.15" name="bagsCity">
			<item name="TaloonBag_Orange" chance="0.25" />
			<item name="TaloonBag_Blue" chance="0.25" />
			<item name="TaloonBag_Violet" chance="0.25" />
			<item name="TaloonBag_Green" chance="0.25" />
		</attachments>
		<attachments chance="0.30" name="hatsCitySkate">
				<item name="SantasHat" chance="0.20" />
				<item name="SkateHelmet_Blue" chance="0.20" />
				<item name="SkateHelmet_Gray" chance="0.20" />
				<item name="SkateHelmet_Green" chance="0.20" />
				<item name="SkateHelmet_Red" chance="0.20" />
				<item name="SkateHelmet_Black" chance="0.20" />
		</attachments>
		<!--   INDUSTRIAL ATTACHMENTS   -->
		<attachments chance="0.30" name="hatsIndustrial">
				<item name="ConstructionHelmet_Blue" chance="0.10" />
				<item name="SantasHat" chance="0.10" />
				<item name="WeldingMask" chance="0.05" />
		</attachments>
		<attachments chance="0.15" name="handsIndustrial">
				<item name="Pipe" chance="0.15" />
				<item name="Crowbar" chance="0.15" />
				<item name="Sledgehammer" chance="0.15" />
		</attachments>
		<attachments chance="0.50" name="vestsIndustrial">
			<item name="PlateCarrierVest" chance="0.50" />
			<item name="ChestHolster" chance="0.50" />
		</attachments>
		<attachments chance="0.05" name="bagsIndustrial">
			<item name="DryBag_Orange" chance="0.20" />
			<item name="DryBag_Yellow" chance="0.20" />
			<item name="DryBag_Blue" chance="0.20" />
			<item name="DryBag_Green" chance="0.1" />
			<item name="DryBag_Black" chance="0.1" />
			<item name="DryBag_Red" chance="0.20" />
		</attachments>
		
		<!-- FIREFIGHTER ATTACHMENTS -->
		<attachments chance="0.40" name="hatsFirefighter">
				<item name="FirefightersHelmet_Red" chance="0.35" />
				<item name="FirefightersHelmet_White" chance="0.35" />
				<item name="FirefightersHelmet_Yellow" chance="0.35" />
		</attachments>

		<!--MEDIC ATTACHMENTS-->
		<attachments chance="0.80" name="hatsMedic">
				<item name="MedicalScrubsHat_Blue" chance="0.35" />
				<item name="MedicalScrubsHat_Green" chance="0.35" />
				<item name="MedicalScrubsHat_White" chance="0.35" />
		</attachments>

		<!-- ARMY ATTACHMENTS -->
		<attachments chance="0.80" name="hatsArmy">
			<item name="Ssh68Helmet" chance="0.13" />
			<item name="ZSh3PilotHelmet_Black" chance="0.13" />
			<item name="TankerHelmet" chance="0.13" />
			<item name="WitchHat" chance="0.13" />
			<item name="WitchHood_Red" chance="0.13" />
			<item name="WitchHood_Brown" chance="0.13" />
			<item name="WitchHood_Black" chance="0.13" />
			<item name="PumpkinHelmet" chance="0.09" />
		</attachments>
		<attachments chance="0.45" name="vestsArmy">
			<item name="UKAssVest_Black" chance="0.08" />
			<item name="UKAssVest_Camo" chance="0.08" />
			<item name="UKAssVest_Khaki" chance="0.08" />
			<item name="UKAssVest_Olive" chance="0.08" />
			<item name="PlateCarrierVest" chance="0.08" />
			<item name="SmershVest" chance="0.08" />
			<item name="LeatherStorageVest_Brown" chance="0.08" />
			<item name="LeatherStorageVest_Black" chance="0.08" />
			<item name="LeatherStorageVest_Beige" chance="0.08" />
			<item name="LeatherStorageVest_Natural" chance="0.08" />
			<item name="ChestHolster" chance="0.08" />
			<item name="ReflexVest" chance="0.08" />
		</attachments>
		<attachments chance="0.15" name="bagsArmy">
			<item name="AssaultBag_Green" chance="0.10" />
			<item name="AssaultBag_Ttsko" chance="0.10" />
			<item name="AssaultBag_Black" chance="0.10" />
			<item name="TortillaBag" chance="0.05" />
			<item name="SmershBag" chance="0.05" />
			<item name="CoyoteBag_Brown" chance="0.05" />
			<item name="CoyoteBag_Green" chance="0.05" />
			<item name="AliceBag_Camo" chance="0.05" />
			<item name="AliceBag_Green" chance="0.05" />
			<item name="AliceBag_Black" chance="0.05" />
		</attachments>
		<attachments chance="1.00" name="HeavyArmorArmy">
			<item name="PlateCarrierVest" chance="1.00" />
		</attachments>
		<attachments chance="1.00" name="HeavyHelmetArmy">
			<item name="Ssh68Helmet" chance="1.00" />
		</attachments>
		<attachments chance="1.00" name="OfficerHatArmy">
			<item name="OfficerHat" chance="1.00" />
		</attachments>
		<attachments chance="0.05" name="ghillieKit">
			<item name="GhillieSuit_Woodland" chance="1.00" />
			<item name="GhillieHood_Woodland" chance="1.00" />
		</attachments>

		<!-- POLICE ATTACHMENTS -->
		<attachments chance="1.00" name="hatsPolice">
			<item name="SantasHat" chance="0.60" /> 
			<item name="PrisonerCap" chance="0.40" />
		</attachments>
		<attachments chance="0.20" name="vestsPolice">
			<item name="PressVest_Blue" chance="1.00" />
		</attachments>
		
		<!-- PRISONER ATTACHMENTS -->
		<attachments chance="0.20" name="hatsPrisoner">
			<item name="PrisonerCap" chance="1.00" />
			<item name="SantasHat" chance="0.90" />
		</attachments>

		<!-- UNIVERSAL ATTACHMENTS -->
		<attachments chance="0.20" name="hatsMotorbike">
			<item name="MotoHelmet_Black" chance="0.10" />
			<item name="MotoHelmet_Blue" chance="0.10" />
			<item name="MotoHelmet_Green" chance="0.10" />
			<item name="MotoHelmet_Grey" chance="0.10" />
			<item name="MotoHelmet_Lime" chance="0.10" />
			<item name="MotoHelmet_Red" chance="0.10" />
			<item name="MotoHelmet_White" chance="0.10" />
			<item name="DarkMotoHelmet_Black" chance="0.05" />
			<item name="DarkMotoHelmet_Blue" chance="0.05" />
			<item name="DarkMotoHelmet_Green" chance="0.05" />
			<item name="DarkMotoHelmet_Grey" chance="0.05" />
			<item name="DarkMotoHelmet_Lime" chance="0.05" />
			<item name="DarkMotoHelmet_Red" chance="0.05" />
			<item name="DarkMotoHelmet_White" chance="0.05" />
			<item name="SantasHat" chance="0.15" />
			<item name="Headtorch_Black" chance="0.10" />
			<item name="Headtorch_Grey" chance="0.10" />
			<item name="GreatHelm" chance="0.15" />
			<item name="PumpkinHelmet" chance="0.01" />
			<item name="CowboyHat_darkBrown" chance="0.15" />
		</attachments>
		<attachments chance="0.50" name="vestsPress">
			<item name="PressVest_Blue" chance="0.25" />
			<item name="PressVest_LightBlue" chance="0.25" />
		</attachments>
				
		<!-- T1 GEAR -->
		<cargo chance="0.15" name="drinks_T1">
				<item name="SodaCan_Cola" chance="0.10" />
				<item name="SodaCan_Pipsi" chance="0.10" />
				<item name="SodaCan_Spite" chance="0.10" />
				<item name="SodaCan_Kvass" chance="0.10" />
				<item name="WaterBottle" chance="0.1" />
		</cargo>
		<cargo chance="0.22" name="food_T1">		
				<item name="HumanSteakMeat" chance="0.03" />
				<item name="Guts" chance="0.03" />
				<item name="Potato" chance="0.1" />
				<item name="Zucchini" chance="0.1" />
				<item name="Tomato" chance="0.1" />
				<item name="GreenBellPepper" chance="0.1" />
				<item name="PowderedMilk" chance="0.1" />
				<item name="TunaCan" chance="0.3" />
		</cargo>
		<cargo chance="0.25" name="toolsCommon_T1">
				<item name="Matchbox" chance="0.1" />
				<item name="SteakKnife" chance="0.2" />
				<item name="KitchenKnife" chance="0.1" />
				<item name="FryingPan" chance="0.20" />
				<item name="Rag" chance="0.15" />
				<item name="Pot" chance="0.05" />
		</cargo>
		<cargo chance="0.15" name="toolsIndustrial_T1">
				<item name="Rag" chance="0.1" />
				<item name="Crowbar" chance="0.1" />
				<item name="Hammer" chance="0.2" />
				<item name="Screwdriver" chance="0.15" />
				<item name="Hatchet" chance="0.05" />
				<item name="Pipe" chance="0.2" />
		</cargo>
		<!-- T1 Attachments  -->
		<attachments chance="0.2" name="helmetsCommon_T1">
				<item name="SkateHelmet_Black" chance="0.1" />
				<item name="SkateHelmet_Blue" chance="0.1" />
				<item name="SkateHelmet_Gray" chance="0.1" />
				<item name="SkateHelmet_Green" chance="0.1" />
				<item name="SkateHelmet_Red" chance="0.1" />
		</attachments>
		<attachments chance="0.2" name="hatsCommon_T1">
				<item name="BoonieHat_Blue" chance="0.05" />
				<item name="BoonieHat_Orange" chance="0.1" />
				<item name="BoonieHat_Red" chance="0.1" />
				<item name="RadarCap_Black" chance="0.05" />
				<item name="RadarCap_Blue" chance="0.1" />
				<item name="RadarCap_Brown" chance="0.05" />
				<item name="RadarCap_Green" chance="0.1" />
				<item name="RadarCap_Red" chance="0.1" />
		</attachments>
		<attachments chance="0.17" name="backpacks_T1">
				<item name="CourierBag" chance="0.2" />
				<item name="TaloonBag_Blue" chance="0.2" />
				<item name="TaloonBag_Green" chance="0.1" />
				<item name="TaloonBag_Orange" chance="0.2" />
				<item name="TaloonBag_Violet" chance="0.2" />
				<item name="FurCourierBag" chance="0.1" />
		</attachments>
</randompresets>