<?xml version="1.0" encoding="UTF-8" standalone="yes"?>
<prototype>
		<clusters>
			<export name="Rail3" shape="dz\structures\rail\tracks\rail_tracke_40.p3d" />
		</clusters>
		<cluster name="Rail3" lootmax="2" maxinstances="5">
			<de name="TrajectoryStones" />
			<container name="road" lootmax="1">
			<point pos="-9.82 0.95 -0.05" range="0.50" height="1.50" />
			<point pos="-6.27 0.95 -0.15" range="0.50" height="1.50" />
			<point pos="-3.02 0.95 -0.01" range="0.50" height="1.50" />
			<point pos="-0.31 0.95 0.04" range="0.50" height="1.50" />
			<point pos="2.94 0.95 0.15" range="0.50" height="1.50" />
			<point pos="5.54 0.95 0.27" range="0.50" height="1.50" />
			<point pos="9.00 0.95 0.33" range="0.50" height="1.50" />
			<point pos="12.59 0.95 0.34" range="0.50" height="1.50" />
			<point pos="-12.35 0.95 -0.20" range="0.50" height="1.50" />
			</container>
		</cluster>
</prototype>
