{
    "Objects": [
        {
            "name": "StaticObj_Wall_IndCnc4_4",
            "pos": [
                4645.2392578125,
                340.4999694824219,
                10478.3369140625
            ],
            "ypr": [
                60.0,
                0.0,
                0.0
            ],
            "scale": 1.0
        },
        {
            "name": "Land_Wall_Gate_FenR",
            "pos": [
                4646.6669921875,
                339.62799072265627,
                10475.8525390625
            ],
            "ypr": [
                60.0,
                0.0,
                0.0
            ],
            "scale": 1.0
        },
        {
            "name": "Land_Office_Municipal2",
            "pos": [
                4802.443359375,
                370.521728515625,
                10576.79296875
            ],
            "ypr": [
                47.81553649902344,
                0.0,
                0.0
            ],
            "scale": 0.9999991655349731
        },
        {
            "name": "Land_Office_Municipal2",
            "pos": [
                4891.39794921875,
                370.80523681640627,
                10238.2470703125
            ],
            "ypr": [
                149.9999542236328,
                0.0,
                0.0
            ],
            "scale": 1.0
        },
        {
            "name": "Land_Construction_Building",
            "pos": [
                4678.30859375,
                345.750732421875,
                10341.7333984375
            ],
            "ypr": [
                153.08560180664063,
                0.0,
                0.0
            ],
            "scale": 1.0
        },
        {
            "name": "Land_WindPowerPlant_Grey",
            "pos": [
                4146.42724609375,
                360.71417236328127,
                10574.1962890625
            ],
            "ypr": [
                89.09331512451172,
                0.0,
                0.0
            ],
            "scale": 1.0
        },
        {
            "name": "CarBattery",
            "pos": [
                4625.02734375,
                359.9035339355469,
                10430.3037109375
            ],
            "ypr": [
                -22.918292999267579,
                -0.0,
                -0.0
            ],
            "scale": 0.9999999403953552
        },
        {
            "name": "CarBattery",
            "pos": [
                4625.30810546875,
                359.9035339355469,
                10430.4326171875
            ],
            "ypr": [
                -22.918292999267579,
                -0.0,
                -0.0
            ],
            "scale": 0.9999999403953552
        },
        {
            "name": "Land_CoalPlant_Main",
            "pos": [
                4569.29052734375,
                352.2071228027344,
                10053.7412109375
            ],
            "ypr": [
                149.9999542236328,
                0.0,
                0.0
            ],
            "scale": 0.9999979138374329
        },
        {
            "name": "Land_CementWorks_Hall1",
            "pos": [
                4457.83984375,
                345.0708923339844,
                10220.16796875
            ],
            "ypr": [
                149.71632385253907,
                -0.0,
                -0.0
            ],
            "scale": 1.0
        },
        {
            "name": "GizmoArrow",
            "pos": [
                4471.86865234375,
                371.91015625,
                10207.7998046875
            ],
            "ypr": [
                179.99998474121095,
                0.0,
                179.99998474121095
            ],
            "scale": 2.999999523162842
        },
        {
            "name": "GizmoArrow",
            "pos": [
                4185.53076171875,
                360.2850646972656,
                10561.4384765625
            ],
            "ypr": [
                179.99996948242188,
                0.0,
                179.99996948242188
            ],
            "scale": 2.999999523162842
        },
        {
            "name": "GizmoArrow",
            "pos": [
                4459.5654296875,
                360.11083984375,
                10849.7548828125
            ],
            "ypr": [
                179.99996948242188,
                0.0,
                179.99996948242188
            ],
            "scale": 2.999999523162842
        },
        {
            "name": "GizmoArrow",
            "pos": [
                4694.109375,
                360.2040710449219,
                10725.662109375
            ],
            "ypr": [
                179.99996948242188,
                0.0,
                179.99996948242188
            ],
            "scale": 2.999999523162842
        },
        {
            "name": "GizmoArrow",
            "pos": [
                4646.5361328125,
                360.2850036621094,
                10479.173828125
            ],
            "ypr": [
                179.99996948242188,
                0.0,
                179.99996948242188
            ],
            "scale": 2.999999523162842
        },
        {
            "name": "GizmoArrow",
            "pos": [
                4773.64208984375,
                360.2972106933594,
                10423.140625
            ],
            "ypr": [
                179.99996948242188,
                0.0,
                179.99996948242188
            ],
            "scale": 2.999999523162842
        },
        {
            "name": "GizmoArrow",
            "pos": [
                4925.7421875,
                360.2550048828125,
                10263.396484375
            ],
            "ypr": [
                179.99996948242188,
                0.0,
                179.99996948242188
            ],
            "scale": 2.999999523162842
        },
        {
            "name": "GizmoArrow",
            "pos": [
                4574.93896484375,
                374.0469665527344,
                10857.728515625
            ],
            "ypr": [
                179.99996948242188,
                0.0,
                179.99996948242188
            ],
            "scale": 2.999999523162842
        },
        {
            "name": "Land_Construction_Building",
            "pos": [
                4375.4140625,
                345.6439208984375,
                10492.5498046875
            ],
            "ypr": [
                153.08560180664063,
                0.0,
                0.0
            ],
            "scale": 1.0
        },
        {
            "name": "Land_Mine_Building",
            "pos": [
                4715.50439453125,
                345.48016357421877,
                10209.2939453125
            ],
            "ypr": [
                -118.01764678955078,
                -0.0,
                -0.0
            ],
            "scale": 0.999995231628418
        }
    ]
}