<?xml version="1.0" encoding="UTF-8" standalone="yes"?>
<playerspawnpoints>
    <!--
        Spawn points settings for newly created player characters
    -->
    <fresh>
        <!-- runtime parameters used when player is spawning -->
        <spawn_params>
            <!-- used to rate point against infected -->
            <min_dist_infected>30.0</min_dist_infected>
            <max_dist_infected>70.0</max_dist_infected>
            <!-- used to rate point against other players -->
            <min_dist_player>25.0</min_dist_player>
            <max_dist_player>70.0</max_dist_player>
            <!-- used to rate point against buildings -->
            <min_dist_static>0.5</min_dist_static>
            <max_dist_static>2.0</max_dist_static>
        </spawn_params>

        <!--
            Generator parameters

            Spawn points are generated around positions given inside <generator_posbubbles> element.
            Around every position is created a rectangle with given dimensions.
            This rectangle is then sampled for spawn point candidates in form of a grid.
        -->
        <generator_params>
            
            <grid_density>30.0</grid_density>
            <!-- total width of grid in metres -->
            <grid_width>30.0</grid_width>
            <!-- total height of grid in metres -->
            <grid_height>25.0</grid_height>
            <!--  minimum distance from buildings for valid spawn point -->
            <min_dist_static>0.5</min_dist_static>
            <!--  maximum distance from buildings used to rate valid spawn point -->
            <max_dist_static>2.0</max_dist_static>
            <!-- terrain slope limits for valid spawn point -->
            <min_steepness>-45</min_steepness>
            <max_steepness>45</max_steepness>
        </generator_params>

        <!-- centers for grids of spawn points -->
        <generator_posbubbles>
				<pos x="4807.88" z="10351.67" />  <!--NWAFHangar--> 
				<pos x="4638.72" z="10468.34" />  <!--NWAFATC-->
				<pos x="4484.14" z="10655.01" />  <!--NWAFBunker-->
				<pos x="4894.40" z="9953.06" />   <!--NWAFBunker2-->
				<pos x="3999.98" z="11788.61" />  <!--Bash-->
				<pos x="2670.99" z="9910.29" />   <!--Lopatino-->
				<pos x="2175.18" z="11191.67" />  <!--Valvatino-->
				<pos x="1478.11" z="11910.14" />  <!--Sinistok-->
				<pos x="3065.71" z="12586.80" />  <!--Topolinki-->
				<pos x="3365.14" z="13130.27" />  <!--Novaya1-->
				<pos x="4342.20" z="13056.39" />  <!--Novaya2--> 
				<pos x="6115.48" z="12674.30" />  <!--Ratnoe-->
				<pos x="6055.20" z="10456.67" />  <!--Grishino-->
				<pos x="6044.51" z="10316.67" />  <!--Grishino2-->
				<pos x="3918.32" z="8814.59" />   <!--Vybor-->
				<pos x="3788.53" z="8775.71" />   <!--Vybor2-->
				<pos x="5227.38" z="8618.69" />   <!--Kabanahoe-->
				<pos x="6090.20" z="7771.40" />   <!--Stary-->
				<pos x="9590.10" z="8799.04" />   <!--Gorka-->
				<pos x="8082.23" z="12645.14" />  <!--Servograd-->
				<pos x="2608.77" z="5230.02" />   <!--Zeleno-->
				<pos x="2606.83" z="5070.58" />   <!--Zeleno-->
				<pos x="1447.00" z="13695.62" />  <!--Tisy-->
				<pos x="1669.63" z="14357.70" />  <!--Tisy-->
				<pos x="1693.45" z="3822.25" />   <!--Pavlovo-->
				<pos x="12346.76" z="9674.52" />  <!--Berezino-->
				<pos x="11221.81" z="12263.89" />  <!--Krasnostav-->
        </generator_posbubbles>
    </fresh>
</playerspawnpoints>