<?xml version="1.0" encoding="UTF-8" standalone="yes" ?>
<randompresets>
		<cargo chance="0.3" name="toolsWire">
				<item name="BarbedWire" chance="0.03" />
				<item name="Pliers" chance="0.08" />
		</cargo>
		<cargo chance="1.00" name="armBands">
				<item name="Armband_Zenit" chance="0.08" />
				<item name="Armband_Wolf" chance="0.08" />
				<item name="Armband_UEC" chance="0.08" />
				<item name="Armband_TEC" chance="0.08" />
				<item name="Armband_Snake" chance="0.08" />
				<item name="Armband_SSahrani" chance="0.08" />
				<item name="Armband_Rooster" chance="0.08" />
				<item name="Armband_Refuge" chance="0.08" />
				<item name="Armband_RSTA" chance="0.08" />
				<item name="Armband_Pirates" chance="0.08" />
				<item name="Armband_NSahrani" chance="0.08" />
				<item name="Armband_NAPA" chance="0.08" />
				<item name="Armband_LivoniaPolice" chance="0.08" />
				<item name="Armband_LivoniaArmy" chance="0.08" />
				<item name="Armband_Livonia" chance="0.08" />
				<item name="Armband_HunterZ" chance="0.08" />
				<item name="Armband_DayZ" chance="0.08" />
				<item name="Armband_Chernarus" chance="0.08" />
				<item name="Armband_Chedaki" chance="0.08" />
				<item name="Armband_Cannibals" chance="0.08" />
				<item name="Armband_CMC" chance="0.08" />
				<item name="Armband_CHEL" chance="0.08" />
				<item name="Armband_CDF" chance="0.08" />
				<item name="Armband_BrainZ" chance="0.08" />
				<item name="Armband_Bohemia" chance="0.08" />
				<item name="Armband_Bear" chance="0.08" />
				<item name="Armband_BabyDeer" chance="0.08" />
				<item name="Armband_Altis" chance="0.08" />
				<item name="Armband_APA" chance="0.08" />
		</cargo>
		<cargo chance="0.04" name="toolsMedic1">
			<item name="Epinephrine" chance="0.20" />
			<item name="BandageDressing" chance="0.20" />
			<item name="Splint" chance="0.20" />
			<item name="Rag" chance="0.20" />
			<item name="PetrolLighter" chance="0.20" />
			<item name="Morphine" chance="0.20" />
    		<item name="VitaminBottle" chance="0.20" />
    		<item name="TetracyclineAntibiotics" chance="0.20" />
    		<item name="HuntingKnife" chance="0.20" />
    		<item name="Hatchet" chance="0.20" />
		</cargo>
		<cargo chance="0.25" name="toolsHandy">
			<item name="Hammer" chance="0.1" />
			<item name="Hatchet" chance="0.1" />
			<item name="FieldShovel" chance="0.1" />
			<item name="WatchtowerKit" chance="0.1" />
			<item name="Rope" chance="0.1" />
			<item name="Whetstone" chance="0.1" />
			<item name="HackSaw" chance="0.1" />
			<item name="BarbedWire" chance="0.1" />
			<item name="Pliers" chance="0.1" />
			<item name="WoodAxe" chance="0.1" />
			<item name="NailBox" chance="0.1" />
    		<item name="Rope" chance="0.1" />
    		<item name="Pliers" chance="0.1" />
    		<item name="MetalWire" chance="0.1" />
    		<item name="HuntingKnife" chance="0.1" />
    		<item name="FenceKit" chance="0.1" />
    		<item name="HandSaw" chance="0.1" />
    		<item name="CombinationLock4" chance="0.1" />
    		<item name="Hammer" chance="0.1" />
    		<item name="Hatchet" chance="0.1" />
		</cargo>
		<cargo chance="0.03" name="magsAll">
			<item name="Mag_AK74_45Rnd" chance="0.2" />
			<item name="Mag_AKM_30Rnd" chance="0.2" />
			<item name="Mag_Aug_30Rnd" chance="0.2" />
			<item name="Mag_CMAG_40Rnd" chance="0.2" />
			<item name="Mag_FAL_20Rnd" chance="0.02" />
			<item name="Mag_Deagle_9rnd" chance="0.02" />
			<item name="Mag_FAMAS_25Rnd" chance="0.02" />
			<item name="Mag_FNX45_15Rnd" chance="0.02" />
			<item name="Mag_Glock_15Rnd" chance="0.02" />
			<item name="Mag_IJ70_8Rnd" chance="0.02" />
			<item name="Mag_MKII_10Rnd" chance="0.02" />
			<item name="Mag_MP5_30Rnd" chance="0.02" />
			<item name="Mag_PP19_64Rnd" chance="0.02" />
			<item name="Mag_SSG82_5rnd" chance="0.02" />
			<item name="Mag_STANAG_60Rnd" chance="0.02" />
			<item name="Mag_SVD_10Rnd" chance="0.02" />
			<item name="Mag_Saiga_Drum20Rnd" chance="0.02" />
			<item name="Mag_Scout_5Rnd" chance="0.02" />
			<item name="Mag_UMP_25Rnd" chance="0.02" />
			<item name="Mag_VAL_20Rnd" chance="0.02" />
			<item name="Mag_VSS_10Rnd" chance="0.02" />
	</cargo>
		<cargo chance="0.10" name="foodBonus1">
			<item name="BrisketSpread" chance="0.1" />
			<item name="DogFoodCan_Opened" chance="0.1" />
			<item name="Chips" chance="0.1" />
			<item name="Banana" chance="0.1" />
			<item name="Pajka" chance="0.1" />
			<item name="Honey" chance="0.1" />
			<item name="TacticalBaconCan_Opened" chance="0.1" />
			<item name="BakedBeansCan_Opened" chance="0.1" />
			<item name="Pate" chance="0.1" />
			<item name="Apple" chance="0.1" />
		</cargo>
		<cargo chance="0.03" name="ammoAll">
			<item name="AmmoBox_00buck_10rnd" chance="0.04" />
			<item name="AmmoBox_12gaRubberSlug_10Rnd" chance="0.04" />
			<item name="AmmoBox_22_50Rnd" chance="0.04" />
			<item name="AmmoBox_308Win_20Rnd" chance="0.04" />
			<item name="AmmoBox_357_20Rnd" chance="0.04" />
			<item name="AmmoBox_45ACP_25rnd" chance="0.04" />
			<item name="AmmoBox_545x39_20Rnd" chance="0.02" />
			<item name="AmmoBox_556x45_20Rnd" chance="0.02" />
			<item name="AmmoBox_762x39_20Rnd" chance="0.02" />
			<item name="AmmoBox_762x54_20Rnd" chance="0.02" />
			<item name="AmmoBox_9x39AP_20Rnd" chance="0.02" />
			<item name="Ammo_12gaPellets" chance="0.04" />
			<item name="Ammo_308Win" chance="0.04" />
		</cargo>
		<cargo chance="1.00" name="InfectedMummy">
			<item name="BandageDressing" chance="1.00" />
			<item name="SalineBagIV" chance="1.00" />
			<item name="TacticalBaconCan_Opened" chance="1.00" />
	    </cargo>
		<cargo chance="1.00" name="toolsBuilding">
				<item name="NailBox" chance="0.3" />
				<item name="NailBox" chance="0.3" />
				<item name="BarbedWire" chance="0.03" />
				<item name="Pliers" chance="0.3" />
				<item name="Battery9V" chance="0.30" />
				<item name="CombinationLock4" chance="0.3" />
		</cargo>
		<cargo chance="1.00" name="meleStabby">
				<item name="HuntingKnife" chance="0.16" />
				<item name="Battery9V" chance="0.30" />
				<item name="KukriKnife" chance="0.16" />
				<item name="CombatKnife" chance="0.16" />
				<item name="BoneKnife" chance="0.16" />
				<item name="Sword" chance="0.16" />
				<item name="Machete" chance="0.16" />
		</cargo>
		<cargo chance="1.00" name="mixVillage">
				<item name="Mag_CMAG_40Rnd" chance="0.05" />
				<item name="Battery9V" chance="0.30" />
				<item name="Mag_FAL_20Rnd" chance="0.05" />
				<item name="Mag_FAMAS_25Rnd" chance="0.05"/>
				<item name="Mag_CZ550_10rnd" chance="0.05"/>
				<item name="Ammo_308Win" chance="0.05"/>
				<item name="Ammo_762x54" chance="0.05"/>
				<item name="PorkCan_Opened" chance="0.04" />
				<item name="SaltySticks" chance="0.04" />
				<item name="SodaCan_Fronta" chance="0.04" />
				<item name="BakedBeansCan_Opened" chance="0.04" />
				<item name="Zagorky" chance="0.04" />
				<item name="ZagorkyChocolate" chance="0.04" />
				<item name="ZagorkyPeanuts" chance="0.04" />
				<item name="NailBox" chance="0.3" />
				<item name="BarbedWire" chance="0.03" />
				<item name="Pliers" chance="0.3" />
				<item name="CombinationLock4" chance="0.3" />
				<item name="RDG2SmokeGrenade_White" chance="0.02" />
				<item name="FlashGrenade" chance="0.07" />
				<item name="RDG2SmokeGrenade_Black" chance="0.05" />
				<item name="RGD5Grenade" chance="0.09" />
				<item name="SawedoffIzh43Shotgun" chance="1.0" />
				<item name="Ammo_12gaPellets" chance="1.0" />
		</cargo>
		<cargo chance="1.00" name="mixArmy">
			    <item name="Battery9V" chance="0.30" />
				<item name="Mag_CMAG_40Rnd" chance="0.05" />
				<item name="Mag_FAL_20Rnd" chance="0.05" />
				<item name="Mag_FAMAS_25Rnd" chance="0.05"/>
				<item name="Mag_CZ550_10rnd" chance="0.05"/>
				<item name="Ammo_308Win" chance="0.05"/>
				<item name="Ammo_762x54" chance="0.05"/>
				<item name="Mag_AK101_30Rnd" chance="0.05"/>
				<item name="AmmoBox_00buck_10rnd" chance="0.04" />
			    <item name="AmmoBox_12gaRubberSlug_10Rnd" chance="0.04" />
			    <item name="AmmoBox_22_50Rnd" chance="0.04" />
			    <item name="AmmoBox_308Win_20Rnd" chance="0.04" />
			    <item name="AmmoBox_357_20Rnd" chance="0.04" />
			    <item name="AmmoBox_45ACP_25rnd" chance="0.04" />
			    <item name="AmmoBox_545x39_20Rnd" chance="0.02" />
			    <item name="AmmoBox_556x45_20Rnd" chance="0.02" />
			    <item name="AmmoBox_762x39_20Rnd" chance="0.02" />
			    <item name="AmmoBox_762x54_20Rnd" chance="0.02" />
			    <item name="AmmoBox_9x39AP_20Rnd" chance="0.02" />
			    <item name="Ammo_12gaPellets" chance="0.04" />
			    <item name="Ammo_308Win" chance="0.04" />
		</cargo>
		<cargo chance="1.00" name="shotgunAmmo">
			<item name="Battery9V" chance="0.30" />
				<item name="SawedoffIzh43Shotgun" chance="1.0" />
				<item name="Ammo_12gaPellets" chance="1.0" />
		</cargo>
		<cargo chance="1.00" name="foodOpened">
			    <item name="Battery9V" chance="0.30" />
				<item name="CatFoodCan_Opened" chance="0.04" />
				<item name="BrisketSpread_Opened" chance="0.04" />
				<item name="Chips" chance="0.04" />
				<item name="Crackers" chance="0.04" />
				<item name="DogFoodCan_Opened" chance="0.04" />
				<item name="Honey" chance="0.04" />
				<item name="Lunchmeat_Opened" chance="0.04" />
				<item name="Pajka_Opened" chance="0.04" />
				<item name="Pate_Opened" chance="0.04" />
				<item name="PorkCan_Opened" chance="0.04" />
				<item name="SaltySticks" chance="0.04" />
				<item name="SodaCan_Fronta" chance="0.04" />
				<item name="BakedBeansCan_Opened" chance="0.04" />
				<item name="Zagorky" chance="0.04" />
				<item name="ZagorkyChocolate" chance="0.04" />
				<item name="ZagorkyPeanuts" chance="0.04" />
				<item name="BakedBeansCan_Opened" chance="0.04"/>
				<item name="SpaghettiCan_Opened" chance="0.04"/>
				<item name="PeachesCan_Opened" chance="0.04"/>
				<item name="Marmalade" chance="0.04"/> 
				<item name="SodaCan_Spite" chance="0.04"/>
				<item name="SodaCan_Pipsi" chance="0.04"/>
				<item name="SodaCan_Cola" chance="0.04"/>
				<item name="SodaCan_Kvass" chance="0.04"/>
		</cargo>
		<cargo chance="0.50" name="mixFlares">
			    <item name="Battery9V" chance="0.30" />
				<item name="Flaregun" chance="1.0" />
				<item name="Ammo_FlareBlue" chance="0.25" />
				<item name="Ammo_FlareGreen" chance="0.25" />
				<item name="Ammo_FlareRed" chance="0.25" />
				<item name="Ammo_Flare" chance="0.25" />
		</cargo>
		<cargo chance="1.0" name="medicPack">
			    <item name="Battery9V" chance="0.30" />
				<item name="BandageDressing" chance="0.50" />
				<item name="SalineBagIV" chance="0.20" />
				<item name="Morphine" chance="0.20" />
				<item name="Splint" chance="0.20" />
		</cargo>
		<cargo chance="0.50" name="nadesRandom">
				<item name="RDG2SmokeGrenade_White" chance="0.25" />
				<item name="Battery9V" chance="0.30" />
				<item name="FlashGrenade" chance="0.25" />
				<item name="RDG2SmokeGrenade_Black" chance="0.25" />
				<item name="RGD5Grenade" chance="0.25" />
		</cargo>
		<cargo chance="1.0" name="magsKit">
				<item name="Mag_CMAG_40Rnd" chance="1.0" />
				<item name="Battery9V" chance="0.30" />
				<item name="Mag_FAL_20Rnd" chance="1.0" />
				<item name="Mag_FAMAS_25Rnd" chance="1.0"/>
				<item name="Mag_CZ550_10rnd" chance="1.0"/>
				<item name="Ammo_308Win" chance="1.0"/>
				<item name="Ammo_762x54" chance="1.0"/>
		</cargo>
		<cargo chance="0.75" name="magsKit2">
				<item name="Mag_CMAG_40Rnd" chance="0.25" />
				<item name="Battery9V" chance="0.30" />
				<item name="Mag_FAL_20Rnd" chance="0.25" />
				<item name="Mag_FAMAS_25Rnd" chance="0.25"/>
				<item name="Mag_CZ550_10rnd" chance="0.25"/>
				<item name="Ammo_308Win" chance="0.25"/>
				<item name="Ammo_762x54" chance="0.25"/>
		</cargo>
		<cargo chance="0.35" name="nadeLauncher">
				<item name="Ammo_40mm_Chemgas" chance="0.05" />
				<item name="Battery9V" chance="0.30" />
				<item name="Ammo_40mm_Explosive" chance="0.05" />
				<item name="Ammo_40mm_Chemgas" chance="0.05" />
				<item name="Ammo_40mm_Explosive" chance="0.0" />
				<item name="Ammo_40mm_Smoke_Black" chance="0.05" />
				<item name="Ammo_40mm_Smoke_Green" chance="0.05" />
				<item name="Ammo_40mm_Smoke_Red" chance="0.05" />
				<item name="Ammo_40mm_Smoke_White" chance="0.05" />
		</cargo>
		<!--   VILLAGE ATTACHMENTS   -->
		<attachments chance="0.15" name="bagsVillage">
				<item name="MountainBag_Red" chance="0.10" />
				<item name="Battery9V" chance="0.30" />
				<item name="MountainBag_Blue" chance="0.10" />
				<item name="MountainBag_Orange" chance="0.10" />
				<item name="MountainBag_Green" chance="0.10" />
		</attachments>

	<!--   CITY ATTACHMENTS   -->
		<attachments chance="0.40" name="handsCity">
				<item name="NailedBaseballBat" chance="1.0" />
				<item name="Battery9V" chance="0.30" />
				<item name="CrudeMachete" chance="1.0" />
				<item name="Machete" chance="1.0" />
		</attachments>
		<attachments chance="0.25" name="bagsCity">
			<item name="TaloonBag_Orange" chance="0.25" />
			<item name="TaloonBag_Blue" chance="0.25" />
			<item name="TaloonBag_Violet" chance="0.25" />
			<item name="TaloonBag_Green" chance="0.25" />
		</attachments>
		<!--   INDUSTRIAL ATTACHMENTS   -->
		<attachments chance="0.50" name="handsIndustrial">
				<item name="Pickaxe" chance="0.15" />
				<item name="Battery9V" chance="0.30" />
				<item name="Crowbar" chance="0.15" />
				<item name="Sledgehammer" chance="0.15" />
		</attachments>
		<attachments chance="0.15" name="bagsIndustrial">
			<item name="DryBag_Orange" chance="0.20" />
			<item name="DryBag_Yellow" chance="0.20" />
			<item name="DryBag_Blue" chance="0.20" />
			<item name="DryBag_Green" chance="0.1" />
			<item name="DryBag_Black" chance="0.1" />
			<item name="DryBag_Red" chance="0.20" />
		</attachments>
		<!--   FIREFIGHTER ATTACHMENTS   -->
		<attachments chance="1.00" name="hatsFirefighter">
				<item name="FirefightersHelmet_Red" chance="0.66" />
		</attachments>
		<!--   ARMY ATTACHMENTS   -->
		<attachments chance="0.60" name="hatsArmy">
			<item name="ZSh3PilotHelmet" chance="0.15" />
			<item name="NVGHeadstrap" chance="0.15" />
		</attachments>
		<attachments chance="0.50" name="vestsArmy">
			<item name="UKAssVest_Black" chance="0.20" />
			<item name="PressVest_Blue" chance="0.20" />
			<item name="PressVest_LightBlue" chance="0.20" />
			<item name="PlateCarrierVest" chance="0.20" />
			<item name="SmershVest" chance="0.20" />
		</attachments>
		<attachments chance="0.20" name="bagsArmy">
			<item name="AssaultBag_Green" chance="0.10" />
			<item name="AssaultBag_Ttsko" chance="0.10" />
			<item name="AssaultBag_Black" chance="0.10" />
			<item name="TortillaBag" chance="0.05" />
			<item name="SmershBag" chance="0.05" />
			<item name="CoyoteBag_Brown" chance="0.05" />
			<item name="CoyoteBag_Green" chance="0.05" />
			<item name="AliceBag_Camo" chance="0.05" />
			<item name="AliceBag_Green" chance="0.05" />
			<item name="AliceBag_Black" chance="0.05" />
		</attachments>
		<attachments chance="1.00" name="HeavyArmorArmy">
			<item name="PlateCarrierVest" chance="1.00" />
		</attachments>
		<attachments chance="1.00" name="HeavyHelmetArmy">
			<item name="Ssh68Helmet" chance="1.00" />
		</attachments>
		<!--   POLICE ATTACHMENTS   -->
		<attachments chance="1.00" name="vestsPolice">
				<item name="PressVest_Blue" chance="1.00" />
				<item name="Battery9V" chance="0.30" />
		</attachments>
		<!--   UNIVERSAL ATTACHMENTS   -->
		<attachments chance="0.20" name="vestsPress">
				<item name="PressVest_Blue" chance="0.25" />
				<item name="Battery9V" chance="0.30" />
				<item name="PressVest_LightBlue" chance="0.25" />
		</attachments>
		<!--   T1 GEAR   -->
		<cargo chance="0.50" name="drinks_T1">
				<item name="SodaCan_Cola" chance="0.10" />
				<item name="SodaCan_Pipsi" chance="0.10" />
				<item name="SodaCan_Spite" chance="0.10" />
				<item name="SodaCan_Kvass" chance="0.10" />
				<item name="SodaCan_Fronta" chance="0.10" />
				<item name="Battery9V" chance="0.30" />
				<item name="WaterBottle" chance="0.1" />
		</cargo>
		<cargo chance="0.50" name="food_T1">		
				<item name="Pajka_Opened" chance="0.1" />
				<item name="Pate_Opened" chance="0.1" />
				<item name="BrisketSpread_Opened" chance="0.1" />
				<item name="SaltySticks" chance="0.2" />
				<item name="Crackers" chance="0.2" />
				<item name="Battery9V" chance="0.30" />
				<item name="Chips" chance="0.2" />
		</cargo>
		<cargo chance="0.50" name="toolsCommon_T1">
				<item name="Matchbox" chance="0.1" />
				<item name="SteakKnife" chance="0.2" />
				<item name="Rag" chance="0.15" />
		</cargo>
		<cargo chance="0.50" name="toolsIndustrial_T1">
				<item name="Rag" chance="0.1" />
				<item name="Crowbar" chance="0.1" />
				<item name="Hammer" chance="0.2" />
				<item name="Screwdriver" chance="0.15" />
				<item name="Hatchet" chance="0.05" />
				<item name="Paper" chance="0.2" />
		</cargo>
		<attachments chance="0.50" name="backpacks_T1">
				<item name="CourierBag" chance="0.2" />
				<item name="TaloonBag_Blue" chance="0.2" />
				<item name="TaloonBag_Green" chance="0.1" />
				<item name="TaloonBag_Orange" chance="0.2" />
				<item name="TaloonBag_Violet" chance="0.2" />
				<item name="FurCourierBag" chance="0.1" />
		</attachments>
		<cargo chance="0.15" name="foodHermit">
			<item name="TunaCan_Opened" chance="0.11" />
			<item name="SardinesCan_Opened" chance="0.11" />
			<item name="Apple" chance="0.07" />
	</cargo>
	<cargo chance="0.16" name="foodVillage">
			<item name="SodaCan_Cola" chance="0.02" />
			<item name="SodaCan_Pipsi" chance="0.02" />
			<item name="SodaCan_Spite" chance="0.02" />
			<item name="SodaCan_Kvass" chance="0.02" />
			<item name="SodaCan_Fronta" chance="0.02" />
			<item name="WaterBottle" chance="0.02" />
			<item name="TunaCan_Opened" chance="0.05" />
			<item name="SardinesCan_Opened" chance="0.05" />
			<item name="PeachesCan_Opened" chance="0.05" />
			<item name="SpaghettiCan_Opened" chance="0.05" />
			<item name="BakedBeansCan_Opened" chance="0.05" />
			<item name="PowderedMilk" chance="0.05" />
			<item name="Pajka" chance="0.05" />
			<item name="Pate" chance="0.05" />
			<item name="BrisketSpread" chance="0.05" />
			<item name="SaltySticks" chance="0.05" />
			<item name="Crackers" chance="0.05" />
			<item name="Chips" chance="0.05" />
	</cargo>
	<cargo chance="0.16" name="foodCity"> <!--same as the one above - just preparing -->
			<item name="SodaCan_Cola" chance="0.02" />
			<item name="SodaCan_Pipsi" chance="0.02" />
			<item name="SodaCan_Spite" chance="0.02" />
			<item name="SodaCan_Kvass" chance="0.02" />
			<item name="SodaCan_Fronta" chance="0.02" />
			<item name="WaterBottle" chance="0.02" />
			<item name="TunaCan_Opened" chance="0.05" />
			<item name="SardinesCan_Opened" chance="0.05" />
			<item name="PeachesCan_Opened" chance="0.05" />
			<item name="SpaghettiCan_Opened" chance="0.05" />
			<item name="BakedBeansCan_Opened" chance="0.05" />
			<item name="PowderedMilk" chance="0.05" />
			<item name="Pajka" chance="0.05" />
			<item name="Pate" chance="0.05" />
			<item name="BrisketSpread" chance="0.05" />
			<item name="SaltySticks" chance="0.05" />
			<item name="Crackers" chance="0.05" />
			<item name="Chips" chance="0.05" />
	</cargo>
	<cargo chance="0.1" name="foodArmy">
			<item name="SodaCan_Cola" chance="0.05" />
			<item name="SodaCan_Pipsi" chance="0.05" />
			<item name="SodaCan_Spite" chance="0.05" />
			<item name="TunaCan_Opened" chance="0.1" />
			<item name="SardinesCan_Opened" chance="0.05" />
			<item name="PeachesCan_Opened" chance="0.05" />
			<item name="SpaghettiCan_Opened" chance="0.05" />
			<item name="BakedBeansCan_Opened" chance="0.05" />
			<item name="TacticalBaconCan_Opened" chance="0.1" />
			<item name="Canteen" chance="0.1" />
	</cargo>
	<cargo chance="0.15" name="toolsHermit">
			<item name="WeaponCleaningKit" chance="0.10" />
			<item name="Matchbox" chance="0.15" />
			<item name="CanOpener" chance="0.05" />
			<item name="Rope" chance="0.07" />
			<item name="Rag" chance="0.07" />
			<item name="Hatchet" chance="0.07" />
			<item name="StoneKnife" chance="0.1" />
			<item name="HuntingKnife" chance="0.08" />
			<item name="PurificationTablets" chance="0.05" />
			<item name="CharcoalTablets" chance="0.05" />
	</cargo>
	<cargo chance="0.2" name="toolsVillage">
			<item name="DuctTape" chance="0.07" />
			<item name="Battery9V" chance="0.07" />
			<item name="Matchbox" chance="0.07" />
			<item name="SewingKit" chance="0.07" />
			<item name="CanOpener" chance="0.05" />
			<item name="Rope" chance="0.07" />
			<item name="Rag" chance="0.07" />
			<item name="Flashlight" chance="0.07" />
	</cargo>
	<cargo chance="0.2" name="toolsCity"> <!--same as the one above - just preparing -->
			<item name="DuctTape" chance="0.07" />
			<item name="Battery9V" chance="0.07" />
			<item name="Matchbox" chance="0.07" />
			<item name="SewingKit" chance="0.07" />
			<item name="CanOpener" chance="0.05" />
			<item name="Rope" chance="0.07" />
			<item name="Rag" chance="0.07" />
			<item name="Flashlight" chance="0.07" />
	</cargo>
	<cargo chance="0.35" name="toolsMedic">
			<item name="SalineBag" chance="0.05" />
			<item name="BandageDressing" chance="0.15" />
			<item name="BloodBagEmpty" chance="0.1" />
			<item name="BloodTestKit" chance="0.05" />
			<item name="StartKitIV" chance="0.05" />
			<item name="PurificationTablets" chance="0.1" />
			<item name="CharcoalTablets" chance="0.1" />
			<item name="PainkillerTablets" chance="0.1" />
			<item name="VitaminBottle" chance="0.05" />
			<item name="TetracyclineAntibiotics" chance="0.1" />
			<item name="Thermometer" chance="0.05" />
	</cargo>
	<cargo chance="0.25" name="toolsPolice">
			<item name="Battery9V" chance="0.1" />
			<item name="PersonalRadio" chance="0.1" />
			<item name="Flashlight" chance="0.15" />
			<item name="Roadflare" chance="0.2" />
			<item name="CombatKnife" chance="0.05" />
			<item name="Morphine" chance="0.05" />
			<item name="BandageDressing" chance="0.05" />
	</cargo>
	<cargo chance="0.15" name="toolsHunter">
			<item name="WeaponCleaningKit" chance="0.10" />
			<item name="Paper" chance="0.1" />
			<item name="Flashlight" chance="0.1" />
			<item name="Battery9V" chance="0.1" />
			<item name="Matchbox" chance="0.15" />
			<item name="Roadflare" chance="0.1" />
			<item name="HuntingKnife" chance="0.05" />
			<item name="CanOpener" chance="0.05" />
			<item name="BandageDressing" chance="0.05" />
			<item name="PurificationTablets" chance="0.10" />
			<item name="CharcoalTablets" chance="0.10" />
			<item name="PainkillerTablets" chance="0.10" />
			<item name="VitaminBottle" chance="0.10" />
	</cargo>
	<cargo chance="0.35" name="toolsIndustrial">
			<item name="Pipe" chance="0.07" />
			<item name="Hatchet" chance="0.07" />
			<item name="Crowbar" chance="0.07" />
			<item name="Rope" chance="0.1" />
			<item name="DuctTape" chance="0.1" />
			<item name="Battery9V" chance="0.2" />
			<item name="Flashlight" chance="0.2" />
	</cargo>
	<cargo chance="0.15" name="ammoCivil">
			<item name="Ammo_380" chance="0.22" />
			<item name="AmmoBox_380_35Rnd" chance="0.08" />
			<item name="Ammo_9x19" chance="0.15" />
			<item name="AmmoBox_9x19_25Rnd" chance="0.08" />
			<item name="Ammo_762x39" chance="0.12" />
			<item name="AmmoBox_762x39_20Rnd" chance="0.02" />
			<item name="Ammo_762x54" chance="0.08" />
			<item name="AmmoBox_762x54_20Rnd" chance="0.02" />
	</cargo>
	<cargo chance="0.3" name="ammoPolice">
			<item name="Ammo_9x19" chance="0.25" />
			<item name="AmmoBox_9x19_25Rnd" chance="0.09" />
			<item name="Ammo_556x45" chance="0.25" />
			<item name="AmmoBox_556x45_20Rnd" chance="0.09" />
			<item name="Ammo_545x39" chance="0.25" />
			<item name="AmmoBox_545x39_20Rnd" chance="0.07" />
	</cargo>
	<cargo chance="0.25" name="ammoArmy">
			<item name="Ammo_45ACP" chance="0.2" />
			<item name="AmmoBox_45ACP_25Rnd" chance="0.05" />
			<item name="Ammo_762x39" chance="0.2" />
			<item name="AmmoBox_762x39_20Rnd" chance="0.05" />
			<item name="Ammo_762x54" chance="0.2" />
			<item name="AmmoBox_762x54_20Rnd" chance="0.05" />
	</cargo>
	<cargo chance="0.1" name="mixVillage">
			<item name="DuctTape" chance="0.07" />
			<item name="Battery9V" chance="0.07" />
			<item name="Paper" chance="0.1" />
			<item name="Flashlight" chance="0.1" />
			<item name="Matchbox" chance="0.07" />
			<item name="Roadflare" chance="0.2" />
			<item name="KitchenKnife" chance="0.05" />
			<item name="CanOpener" chance="0.05" />
			<item name="BandageDressing" chance="0.05" />
			<item name="Ammo_380" chance="0.22" />
			<item name="AmmoBox_380_35Rnd" chance="0.08" />
			<item name="Ammo_9x19" chance="0.15" />
			<item name="AmmoBox_9x19_25Rnd" chance="0.08" />
			<item name="Ammo_762x39" chance="0.12" />
			<item name="AmmoBox_762x39_20Rnd" chance="0.02" />
			<item name="Ammo_762x54" chance="0.08" />
			<item name="AmmoBox_762x54_20Rnd" chance="0.02" />
			<item name="SodaCan_Cola" chance="0.09" />
			<item name="SodaCan_Pipsi" chance="0.09" />
			<item name="SodaCan_Spite" chance="0.09" />
			<item name="TunaCan_Opened" chance="0.10" />
			<item name="SardinesCan_Opened" chance="0.09" />
			<item name="PeachesCan_Opened" chance="0.10" />
			<item name="SpaghettiCan_Opened" chance="0.09" />
			<item name="BakedBeansCan_Opened" chance="0.10" />
	</cargo>
	<cargo chance="0.1" name="mixHunter">
			<item name="Paper" chance="0.1" />
			<item name="Flashlight" chance="0.1" />
			<item name="Matchbox" chance="0.07" />
			<item name="Roadflare" chance="0.2" />
			<item name="HuntingKnife" chance="0.05" />
			<item name="CanOpener" chance="0.05" />
			<item name="BandageDressing" chance="0.05" />
			<item name="Ammo_380" chance="0.22" />
			<item name="AmmoBox_380_35Rnd" chance="0.08" />
			<item name="Ammo_9x19" chance="0.15" />
			<item name="AmmoBox_9x19_25Rnd" chance="0.08" />
			<item name="Ammo_762x39" chance="0.12" />
			<item name="AmmoBox_762x39_20Rnd" chance="0.02" />
			<item name="Ammo_762x54" chance="0.08" />
			<item name="AmmoBox_762x54_20Rnd" chance="0.02" />
			<item name="SodaCan_Cola" chance="0.09" />
			<item name="SodaCan_Pipsi" chance="0.09" />
			<item name="SodaCan_Spite" chance="0.08" />
			<item name="TunaCan_Opened" chance="0.10" />
			<item name="SardinesCan_Opened" chance="0.10" />
			<item name="PeachesCan_Opened" chance="0.10" />
			<item name="SpaghettiCan_Opened" chance="0.09" />
			<item name="BakedBeansCan_Opened" chance="0.09" />
	</cargo>
	<cargo chance="0.1" name="mixArmy">
			<item name="SodaCan_Cola" chance="0.05" />
			<item name="SodaCan_Pipsi" chance="0.05" />
			<item name="SodaCan_Spite" chance="0.05" />
			<item name="TunaCan_Opened" chance="0.1" />
			<item name="SardinesCan_Opened" chance="0.05" />
			<item name="PeachesCan_Opened" chance="0.05" />
			<item name="SpaghettiCan_Opened" chance="0.05" />
			<item name="BakedBeansCan_Opened" chance="0.05" />
			<item name="TacticalBaconCan_Opened" chance="0.1" />
			<item name="Canteen" chance="0.1" />
			<item name="Ammo_45ACP" chance="0.2" />
			<item name="AmmoBox_45ACP_25Rnd" chance="0.05" />
			<item name="Ammo_762x39" chance="0.2" />
			<item name="AmmoBox_762x39_20Rnd" chance="0.05" />
			<item name="Ammo_762x54" chance="0.2" />
			<item name="AmmoBox_762x54_20Rnd" chance="0.05" />
	</cargo>
	<cargo chance="0.04" name="grenades">
			<item name="RDG2SmokeGrenade_White" chance="0.25" />
			<item name="FlashGrenade" chance="0.25" />
			<item name="RDG2SmokeGrenade_Black" chance="0.25" />
			<item name="RGD5Grenade" chance="0.25" />
	</cargo>
	<attachments chance="0.10" name="optics">
			<item name="M4_T3NRDSOptic" chance="0.20" />
			<item name="ACOGOptic" chance="0.20" />
			<item name="M68Optic" chance="0.20" />
			<item name="BUISOptic" chance="0.20" />
			<item name="ReflexOptic" chance="0.20" />
	</attachments>
	<!--NBC Cargo-->
	<cargo chance="0.2" name="ContaminatedCargo">
			<item name="GasMask_Filter" chance="1.00" />
	</cargo>
	<!--FARM ATTACHMENTS-->
	<attachments chance="0.20" name="hatsFarm">
			<item name="Ushanka_Black" chance="0.10" />
			<item name="Ushanka_Blue" chance="0.10" />
			<item name="Ushanka_Green" chance="0.10" />
			<item name="ZmijovkaCap_Black" chance="0.10" />
			<item name="ZmijovkaCap_Blue" chance="0.10" />
			<item name="ZmijovkaCap_Brown" chance="0.10" />
			<item name="ZmijovkaCap_Green" chance="0.10" />
			<item name="ZmijovkaCap_Red" chance="0.10" />
	</attachments>
	<attachments chance="0.10" name="bagsHunter">
		<item name="CourierBag" chance="0.10" />
		<item name="HuntingBag" chance="0.50" />
	</attachments>
	<attachments chance="0.20" name="vestsHunter">
		<item name="HuntingVest" chance="0.50" />
		<item name="ChestHolster" chance="0.50" />
	</attachments>
	<!--VILLAGE ATTACHMENTS-->
	<attachments chance="0.20" name="hatsVillage">
			<item name="FlatCap_Black" chance="0.10" />
			<item name="FlatCap_Blue" chance="0.10" />
			<item name="FlatCap_Red" chance="0.10" />
			<item name="FlatCap_Brown" chance="0.10" />
			<item name="FlatCap_Grey" chance="0.10" />
			<item name="FlatCap_BrownCheck" chance="0.10" />
			<item name="FlatCap_GreyCheck" chance="0.10" />
			<item name="FlatCap_BlackCheck" chance="0.10" />
			<item name="RadarCap_Black" chance="0.10" />
			<item name="RadarCap_Blue" chance="0.10" />
			<item name="RadarCap_Brown" chance="0.10" />
			<item name="RadarCap_Green" chance="0.10" />
			<item name="RadarCap_Red" chance="0.10" />
	</attachments>
	<attachments chance="0.20" name="handsVillage">
			<item name="WoodAxe" chance="0.1" />
			<item name="Pickaxe" chance="0.8" />
			<item name="Shovel" chance="0.8" />
	</attachments>
	<attachments chance="0.15" name="bagsVillage">
			<item name="MountainBag_Red" chance="0.10" />
			<item name="MountainBag_Blue" chance="0.10" />
			<item name="MountainBag_Orange" chance="0.10" />
			<item name="MountainBag_Green" chance="0.10" />
	</attachments>
	<attachments chance="0.00" name="glassesVillage"> <!--was chance="0.30"; removed coz of attachment slot is missing -->
		<item name="ThickFramesGlasses" chance="0.10" />
		<item name="ThinFramesGlasses" chance="0.20" />
		<item name="DesignerGlasses" chance="0.20" />
	</attachments>

<!--CITY ATTACHMENTS-->
	<attachments chance="0.20" name="hatsCity">
			<item name="FlatCap_BrownCheck" chance="0.10" />
			<item name="FlatCap_GreyCheck" chance="0.10" />
			<item name="FlatCap_BlackCheck" chance="0.10" />
			<item name="BaseballCap_CMMG_Black" chance="0.05" />
			<item name="BaseballCap_CMMG_Pink" chance="0.05" />
			<item name="BaseballCap_Blue" chance="0.05" />
			<item name="BaseballCap_Beige" chance="0.05" />
			<item name="BaseballCap_Black" chance="0.05" />
			<item name="BaseballCap_Camo" chance="0.05" />
			<item name="BaseballCap_Olive" chance="0.05" />
			<item name="BaseballCap_Pink" chance="0.05" />
			<item name="BaseballCap_Red" chance="0.05" />
	</attachments>
	<attachments chance="0.10" name="handsCity">
			<item name="NailedBaseballBat" chance="1.0" />
			<item name="BaseballBat" chance="1.0" />
			<item name="Machete" chance="1.0" />
	</attachments>
	<attachments chance="0.00" name="glassesCity"> <!--was chance="0.20"; removed coz of attachment slot is missing -->
		<item name="ThickFramesGlasses" chance="0.10" />
		<item name="ThinFramesGlasses" chance="0.10" />
		<item name="DesignerGlasses" chance="0.10" />
		<item name="SportGlasses_Black" chance="0.10" />
		<item name="SportGlasses_Blue" chance="0.10" />
		<item name="SportGlasses_Green" chance="0.10" />
		<item name="SportGlasses_Orange" chance="0.10" />
	</attachments>
	<attachments chance="0.15" name="bagsCity">
		<item name="TaloonBag_Orange" chance="0.25" />
		<item name="TaloonBag_Blue" chance="0.25" />
		<item name="TaloonBag_Violet" chance="0.25" />
		<item name="TaloonBag_Green" chance="0.25" />
	</attachments>
	<attachments chance="0.30" name="hatsCitySkate">
			<item name="SkateHelmet_Blue" chance="0.20" />
			<item name="SkateHelmet_Gray" chance="0.20" />
			<item name="SkateHelmet_Green" chance="0.20" />
			<item name="SkateHelmet_Red" chance="0.20" />
			<item name="SkateHelmet_Black" chance="0.20" />
	</attachments>
	<!--INDUSTRIAL ATTACHMENTS-->
	<attachments chance="0.30" name="hatsIndustrial">
			<item name="ConstructionHelmet_Blue" chance="0.10" />
			<item name="ConstructionHelmet_Lime" chance="0.10" />
			<item name="ConstructionHelmet_Orange" chance="0.10" />
			<item name="ConstructionHelmet_Red" chance="0.10" />
			<item name="ConstructionHelmet_White" chance="0.10" />
			<item name="ConstructionHelmet_Yellow" chance="0.10" />
			<item name="WeldingMask" chance="0.05" />
	</attachments>
	<attachments chance="0.15" name="handsIndustrial">
			<item name="Pipe" chance="0.15" />
			<item name="Crowbar" chance="0.15" />
			<item name="Sledgehammer" chance="0.15" />
	</attachments>
	<attachments chance="0.10" name="vestsIndustrial">
		<item name="ReflexVest" chance="1.00" />
	</attachments>
	<attachments chance="0.05" name="bagsIndustrial">
		<item name="DryBag_Orange" chance="0.20" />
		<item name="DryBag_Yellow" chance="0.20" />
		<item name="DryBag_Blue" chance="0.20" />
		<item name="DryBag_Green" chance="0.1" />
		<item name="DryBag_Black" chance="0.1" />
		<item name="DryBag_Red" chance="0.20" />
	</attachments>
	
	<!--FIREFIGHTER ATTACHMENTS-->
	<attachments chance="1.00" name="hatsFirefighter">
			<item name="FirefightersHelmet_White" chance="0.33" />
			<item name="FirefightersHelmet_Red" chance="0.66" />
			<item name="FirefightersHelmet_Yellow" chance="1.00" />
	</attachments>

	<!--MEDIC ATTACHMENTS-->
	<attachments chance="0.80" name="hatsMedic">
			<item name="MedicalScrubsHat_Blue" chance="0.35" />
			<item name="MedicalScrubsHat_Green" chance="0.35" />
			<item name="MedicalScrubsHat_White" chance="0.35" />
	</attachments>

	<!--ARMY ATTACHMENTS-->
	<attachments chance="0.60" name="hatsArmy">
		<item name="TankerHelmet" chance="0.10" />
		<item name="PilotkaCap" chance="0.10" />
		<!-- <item name="GorkaHelmet" chance="0.10" /> Problem with animation of chin cover -->
		<item name="MilitaryBeret_Red" chance="0.10" />
		<item name="MilitaryBeret_UN" chance="0.10" />
		<item name="MilitaryBeret_NZ" chance="0.10" />
		<item name="MilitaryBeret_ChDKZ" chance="0.05" />
		<item name="MilitaryBeret_CDF" chance="0.05" />
		<item name="ZSh3PilotHelmet" chance="0.05" />
		<item name="NVGHeadstrap" chance="0.01" />
	</attachments>
	<attachments chance="0.00" name="glassesArmy"> <!--was chance="0.10"; removed coz of attachment slot is missing -->
		<item name="TacticalGoggles" chance="0.10" />
		<item name="AviatorGlasses" chance="0.25" />
	</attachments>
	<attachments chance="0.20" name="vestsArmy">
		<item name="UKAssVest_Black" chance="0.20" />
		<item name="UKAssVest_Camo" chance="0.20" />
		<item name="UKAssVest_Khaki" chance="0.2" />
		<item name="UKAssVest_Olive" chance="0.2" />
		<item name="SmershVest" chance="0.05" />
	</attachments>
	<attachments chance="0.15" name="bagsArmy">
		<item name="AssaultBag_Green" chance="0.10" />
		<item name="AssaultBag_Ttsko" chance="0.10" />
		<item name="AssaultBag_Black" chance="0.10" />
		<item name="TortillaBag" chance="0.05" />
		<item name="SmershBag" chance="0.05" />
		<item name="CoyoteBag_Brown" chance="0.05" />
		<item name="CoyoteBag_Green" chance="0.05" />
		<item name="AliceBag_Camo" chance="0.05" />
		<item name="AliceBag_Green" chance="0.05" />
		<item name="AliceBag_Black" chance="0.05" />
	</attachments>
	<attachments chance="1.00" name="HeavyArmorArmy">
		<item name="PlateCarrierVest" chance="1.00" />
	</attachments>
	<attachments chance="1.00" name="HeavyHelmetArmy">
		<item name="Ssh68Helmet" chance="1.00" />
	</attachments>
	<attachments chance="1.00" name="OfficerHatArmy">
		<item name="OfficerHat" chance="1.00" />
	</attachments>

	<!--POLICE ATTACHMENTS-->
	<attachments chance="0.20" name="hatsPolice">
			<item name="PoliceCap" chance="1.00" />
	</attachments>
	<attachments chance="1.00" name="vestsPolice">
			<item name="PoliceVest" chance="1.00" />
	</attachments>
	
	<!--PRISONER ATTACHMENTS-->
	<attachments chance="0.20" name="hatsPrisoner">
			<item name="PrisonerCap" chance="1.00" />
	</attachments>

	<!--UNIVERSAL ATTACHMENTS-->
	<attachments chance="0.20" name="hatsMotorbike">
			<item name="MotoHelmet_Black" chance="0.10" />
			<item name="MotoHelmet_Blue" chance="0.10" />
			<item name="MotoHelmet_Green" chance="0.10" />
			<item name="MotoHelmet_Grey" chance="0.10" />
			<item name="MotoHelmet_Lime" chance="0.10" />
			<item name="MotoHelmet_Red" chance="0.10" />
			<item name="MotoHelmet_White" chance="0.10" />
			<item name="DarkMotoHelmet_Black" chance="0.05" />
			<item name="DarkMotoHelmet_Blue" chance="0.05" />
			<item name="DarkMotoHelmet_Green" chance="0.05" />
			<item name="DarkMotoHelmet_Grey" chance="0.05" />
			<item name="DarkMotoHelmet_Lime" chance="0.05" />
			<item name="DarkMotoHelmet_Red" chance="0.05" />
			<item name="DarkMotoHelmet_White" chance="0.05" />
	</attachments>
	<attachments chance="0.20" name="vestsPress">
			<item name="PressVest_Blue" chance="0.25" />
			<item name="PressVest_LightBlue" chance="0.25" />
	</attachments>
	
	<!--T1 GEAR-->
	<cargo chance="0.15" name="drinks_T1">
			<item name="SodaCan_Cola" chance="0.10" />
			<item name="SodaCan_Pipsi" chance="0.10" />
			<item name="SodaCan_Spite" chance="0.10" />
			<item name="SodaCan_Kvass" chance="0.10" />
			<item name="SodaCan_Fronta" chance="0.10" />
			<item name="WaterBottle" chance="0.1" />
	</cargo>
	<cargo chance="0.20" name="food_T1">		
			<item name="HumanSteakMeat" chance="0.03" />
			<item name="Guts" chance="0.03" />
			<item name="PotatoSeed" chance="0.1" />
			<item name="Zucchini" chance="0.1" />
			<item name="Tomato" chance="0.1" />
			<item name="GreenBellPepper" chance="0.1" />
			<item name="PowderedMilk" chance="0.1" />
			<item name="Pajka" chance="0.1" />
			<item name="Pate" chance="0.1" />
			<item name="BrisketSpread" chance="0.1" />
			<item name="SaltySticks" chance="0.2" />
			<item name="Crackers" chance="0.2" />
			<item name="Chips" chance="0.2" />
	</cargo>
	<cargo chance="0.20" name="toolsCommon_T1">
			<item name="Matchbox" chance="0.1" />
			<item name="SteakKnife" chance="0.2" />
			<item name="Rag" chance="0.15" />
	</cargo>
	<cargo chance="0.15" name="toolsIndustrial_T1">
			<item name="Rag" chance="0.1" />
			<item name="Crowbar" chance="0.1" />
			<item name="Hammer" chance="0.2" />
			<item name="Screwdriver" chance="0.15" />
			<item name="Hatchet" chance="0.05" />
			<item name="Paper" chance="0.2" />
			<item name="Pipe" chance="0.2" />
	</cargo>
	
	<!--T1 Attachments-->
	<attachments chance="0.2" name="helmetsCommon_T1">
			<item name="SkateHelmet_Black" chance="0.1" />
			<item name="SkateHelmet_Blue" chance="0.1" />
			<item name="SkateHelmet_Gray" chance="0.1" />
			<item name="SkateHelmet_Green" chance="0.1" />
			<item name="SkateHelmet_Red" chance="0.1" />
	</attachments>
	<attachments chance="0.2" name="hatsCommon_T1">
			<item name="BoonieHat_Blue" chance="0.05" />
			<item name="BoonieHat_Orange" chance="0.1" />
			<item name="BoonieHat_Red" chance="0.1" />
			<item name="RadarCap_Black" chance="0.05" />
			<item name="RadarCap_Blue" chance="0.1" />
			<item name="RadarCap_Brown" chance="0.05" />
			<item name="RadarCap_Green" chance="0.1" />
			<item name="RadarCap_Red" chance="0.1" />
	</attachments>
	<attachments chance="0.17" name="backpacks_T1">
			<item name="CourierBag" chance="0.2" />
			<item name="TaloonBag_Blue" chance="0.2" />
			<item name="TaloonBag_Green" chance="0.1" />
			<item name="TaloonBag_Orange" chance="0.2" />
			<item name="TaloonBag_Violet" chance="0.2" />
			<item name="FurCourierBag" chance="0.1" />
	</attachments>
	
	<!--Xmas Clothing-->
	<attachments chance="1.00" name="SantaHat">
		<item name="SantasHat" chance="1.00" />
	</attachments>
	<cargo chance="0.20" name="SantaBeard">
		<item name="GiftBox_Small_1" chance="0.20" />
		<item name="GiftBox_Small_2" chance="0.20" />
		<item name="GiftBox_Small_3" chance="0.20" />
		<item name="GiftBox_Small_4" chance="0.20" />
		<item name="SantasBeard" chance="0.80" />
	</cargo>
	
	<!--Xmas GiftBoxes-->
	<cargo chance="1.0" name="Xmas_Clothes_Small">
		<item name="TacticalGoggles" chance="0.05" />
		<item name="WorkingGloves_Black" chance="0.05" />
		<item name="ZmijovkaCap_Red" chance="0.05" />
		<item name="NBCBootsYellow" chance="0.03" />
		<item name="NBCBootsGray" chance="0.01" />
		<item name="NBCHoodYellow" chance="0.03" />
		<item name="NBCHoodGray" chance="0.01" />
		<item name="NBCGlovesYellow" chance="0.03" />
		<item name="NBCGlovesGray" chance="0.01" />
	</cargo>
	<cargo chance="1.0" name="Xmas_Weapons_Small">
		<item name="Flaregun" chance="0.10" />
		<item name="M67Grenade" chance="0.10" />
		<item name="RGD5Grenade" chance="0.10" />
		<item name="LandMineTrap" chance="0.10" />
	</cargo>
	<cargo chance="1.0" name="Xmas_Ammo_Small">
		<item name="Ammo_Flare" chance="0.05" />
		<item name="Ammo_FlareRed" chance="0.05" />
		<item name="Ammo_FlareGreen" chance="0.05" />
		<item name="Ammo_FlareBlue" chance="0.05" />
	</cargo>
	<cargo chance="1.0" name="Xmas_AmmoBoxes_Small">
		<item name="AmmoBox_22_50Rnd" chance="0.05" />
		<item name="AmmoBox_00buck_10rnd" chance="0.05" />
		<item name="AmmoBox_12gaSlug_10Rnd" chance="0.05" />
		<item name="AmmoBox_380_35rnd" chance="0.05" />
		<item name="AmmoBox_9x19_25rnd" chance="0.05" />
		<item name="AmmoBox_45ACP_25rnd" chance="0.05" />
		<item name="AmmoBox_357_20Rnd" chance="0.05" />
		<item name="AmmoBox_556x45_20Rnd" chance="0.05" />
		<item name="AmmoBox_762x39_20Rnd" chance="0.05" />
		<item name="AmmoBox_762x54_20Rnd" chance="0.05" />
	</cargo>
	<cargo chance="1.0" name="Xmas_Mags_Small">
		<item name="Mag_Ruger1022_15Rnd" chance="0.05" />
		<item name="Mag_FNX45_15Rnd" chance="0.05" />
		<item name="Mag_Glock_15Rnd" chance="0.05" />
		<item name="Mag_MKII_10Rnd" chance="0.05" />
		<item name="Mag_1911_7Rnd" chance="0.05" />
		<item name="Mag_CZ75_15Rnd" chance="0.05" />
		<item name="Mag_IJ70_8Rnd" chance="0.05" />
		<item name="Mag_SVD_10Rnd" chance="0.05" />
		<item name="Mag_Deagle_9rnd" chance="0.05" />
	</cargo>
	<cargo chance="1.0" name="Xmas_Fillers_Small">
		<item name="GasMask_filter" chance="0.10" />
		<item name="Battery9V" chance="0.10" />
		<item name="Hook" chance="0.10" />
	</cargo>
	<cargo chance="1.0" name="Xmas_Repairs_Small">
		<item name="DuctTape" chance="0.05" />
		<item name="SewingKit" chance="0.05" />
		<item name="EpoxyPutty" chance="0.05" />
		<item name="Whetstone" chance="0.05" />
	</cargo>
	<cargo chance="1.0" name="Xmas_Food_Small">
		<item name="Zagorky" chance="0.10" />
		<item name="ZagorkyChocolate" chance="0.10" />
		<item name="ZagorkyPeanuts" chance="0.10" />
		<item name="SodaCan_Cola" chance="0.10" />
		<item name="SodaCan_Kvass" chance="0.10" />
		<item name="SodaCan_Pipsi" chance="0.10" />
		<item name="SodaCan_Spite" chance="0.10" />
		<item name="SodaCan_Fronta" chance="0.10" />
		<item name="Honey" chance="0.10" />
		<item name="Marmalade" chance="0.10" />
		<item name="SardinesCan_Opened" chance="0.10" />
		<item name="TunaCan_Opened" chance="0.10" />
		<item name="DogFoodCan_Opened" chance="0.10" />
		<item name="CatFoodCan_Opened" chance="0.10" />
		<item name="PorkCan_Opened" chance="0.10" />
		<item name="Lunchmeat" chance="0.10" />
		<item name="UnknownFoodCan_Opened" chance="0.10" />
		<item name="Pajka" chance="0.10" />
		<item name="Pate" chance="0.10" />
		<item name="BrisketSpread" chance="0.10" />
		<item name="Crackers" chance="0.10" />
		<item name="Chips" chance="0.10" />
		<item name="SaltySticks" chance="0.10" />
		<item name="BakedBeansCan_Opened" chance="0.10" />
		<item name="PeachesCan_Opened" chance="0.10" />
		<item name="SpaghettiCan_Opened" chance="0.10" />
		<item name="TacticalBaconCan_Opened" chance="0.10" />
	</cargo>
	<cargo chance="1.0" name="Xmas_Lights_Small">
		<item name="Headtorch_Grey" chance="0.05" />
		<item name="Headtorch_Black" chance="0.05" />
		<item name="TLRLight" chance="0.05" />
		<item name="UniversalLight" chance="0.05" />
		<item name="NVGHeadstrap" chance="0.05" />
		<item name="NVGoggles" chance="0.01" />
	</cargo>
	<cargo chance="1.0" name="Xmas_Chemlights_Small">
		<item name="Chemlight_Blue" chance="0.50" />
		<item name="Chemlight_Green" chance="0.50" />
		<item name="Chemlight_Red" chance="0.50" />
		<item name="Chemlight_Yellow" chance="0.50" />
		<item name="Chemlight_White" chance="0.50" />
	</cargo>
	<cargo chance="1.0" name="Xmas_Clothes_Medium">
		<item name="Sweater_Red" chance="0.05" />
		<item name="WoolCoat_Red" chance="0.05" />
		<item name="WoolCoat_RedCheck" chance="0.05" />
		<item name="HuntingVest" chance="0.05" />
		<item name="CombatBoots_Grey" chance="0.05" />
		<item name="HunterPants_Winter" chance="0.05" />
		<item name="HuntingJacket_Winter" chance="0.05" />
		<item name="NBCPantsGray" chance="0.01" />
		<item name="NBCPantsYellow" chance="0.03" />
		<item name="NBCJacketGray" chance="0.01" />
		<item name="NBCJacketYellow" chance="0.03" />
		<item name="GasMask" chance="0.05" />
		<item name="GP5GasMask" chance="0.05" />
		<item name="AirborneMask" chance="0.05" />
	</cargo>
	<cargo chance="1.0" name="Xmas_Weapons_Medium">
		<item name="CZ61" chance="0.10" />
		<item name="Colt1911" chance="0.10" />
		<item name="Magnum" chance="0.10" />
		<item name="Deagle" chance="0.10" />
		<item name="Sickle" chance="0.10" />
		<item name="CrudeMachete" chance="0.10" />
		<item name="OrientalMachete" chance="0.10" />
		<item name="KukriKnife" chance="0.10" />
		<item name="FangeKnife" chance="0.10" />
	</cargo>
	<cargo chance="0.5" name="Xmas_Optics_Medium">
		<item name="PUScopeOptic" chance="0.05" />
		<item name="PSO1Optic" chance="0.05" />
		<item name="ACOGOptic" chance="0.05" />
		<item name="HuntingOptic" chance="0.05" />
		<item name="ACOGOptic_6x" chance="0.05" />
		<item name="StarlightOptic" chance="0.05" />
		<item name="KazuarOptic" chance="0.05" />
	</cargo>
	<cargo chance="1.0" name="Xmas_Mags_Medium">
		<item name="Mag_Ruger1022_30Rnd" chance="0.05" />
		<item name="Mag_MP5_30Rnd" chance="0.05" />
		<item name="Mag_UMP_25Rnd" chance="0.05" />
	</cargo>
	<cargo chance="1.0" name="Xmas_Fillers_Medium">
		<item name="FishNetTrap" chance="0.05" />
		<item name="CombinationLock" chance="0.05" />
		<item name="CombinationLock4" chance="0.05" />
		<item name="Netting" chance="0.05" />
	</cargo>
	<cargo chance="1.0" name="Xmas_Repairs_Medium">
		<item name="LeatherSewingKit" chance="0.05" />
		<item name="TireRepairKit" chance="0.05" />
		<item name="WeaponCleaningKit" chance="0.05" />
		<item name="ElectronicRepairKit" chance="0.05" />
	</cargo>	
	<cargo chance="1.0" name="Xmas_Food_Medium">
		<item name="CarpFilletMeat" chance="0.10" />
	</cargo>
	<cargo chance="0.25" name="Xmas_Weapons_Large">
		<item name="MP5K" chance="0.10" />
		<item name="UMP45" chance="0.10" />
		<item name="FishingRod" chance="0.10" />
	</cargo>
	<cargo chance="0.25" name="Xmas_Mags_Large">
		<item name="Mag_Saiga_Drum20Rnd" chance="0.05" />
		<item name="Mag_STANAG_60Rnd" chance="0.05" />
		<item name="Mag_AKM_Drum75Rnd" chance="0.05" />
	</cargo>
</randompresets>